Timestamp,Age,List,Title,Author,Illustrator,Press,City,Year,Series,Genre,Topic,ISBN,Summary,Libraries
7/12/2020 10:17:45,Pre-reader,22,Un corazón que late,Aladjidi/// Virginie,Jolivet/// Joëlle,Kókinos,Madrid,2006,Yes,Picture Book,Nacimiento,9788488342959,Un largo viaje empezado mucho más allá de las nubes.  Un viaje para llegar al salón de una casa y descubrir que en la barriga de una mamá embarazada hay un bebé.  Él todavía ha de nacer pero su corazón ya late en armonía con los demás elementos del universo.  Virginie Aladjidi asocia la idea del nacimiento a la inmensidad del universo y/// al mismo tiempo sintetiza el largo viaje de la vida en una estructura circular tan acogedora como sólo el abrazo una mamá en estado puede ser.  Este pequeño álbum en cartoné/// ilustrado por Joëlle Jolivet/// es original desde el punto de vista visual.  La elección de los colores y la técnica usada producen un efecto que recuerda los tatuajes de henna.,Luis Rosales/// Pedro Salinas/// José Luis Sampedro/// Rafael Alberti/// Antonio Mingote/// Miguel Hernández/// Elena Fortún/// José Hierro (Usera)/// Luis Martín-Santos
7/12/2020 10:35:47,Pre-reader,22,Siempre puedes contar con papá,Allancë/// Mireille d',Allancë/// Mireille d',Corimbo,Barcelona,2006,No,Picture Book,Osos/// Humor,8484702227,"Osito y papá Oso pasean tranquilos junto al río.  Ningún peligro parece acecharles y/// sin embargo/// Osito imagina las situaciones de peligro más pintorescas para medir la inmensa Fuerza de papá Oso y su inagotable imaginación.  El miedo/// la inseguridad y la vulnerabilidad son los temas que se esconden detrás de los monstruos y Fieras en esta historia de animales humanizados.  Sobre el guión de ¿qué pasaría si?/// el padre contesta con acciones activas y decididas: cocodrilos que vencer/// río para cruzar/// monstruos amarillos que derribar.  Con una aguada muy luminosa/// los espacios abiertos y no sofocantes ayudan a alejar la idea de una amenaza real.  El humor se consigue a través del doble sentido de imagen visual y texto: papá Oso dice que peiría ""educadamente"" que soltasen a su hijo pero es contundente a la hora de rescatarle.  El efecto cómico y la seguridad que estos recursos producen es muy interesante al abordar estos temas para estas edades.",Ana María Matute/// Luis Rosales/// Iván de Vargas/// Mario Vargas Llosa/// Pedro Salinas/// Francisco Ibáñez/// Dámaso Alonso/// Ciudad Lineal/// La Elipa/// Pablo Neruda/// Huerta de la Salud/// Aluche/// Antonio Mingote/// Ángel González/// Miguel Delibes/// Miguel Hernández/// Pozo del Tio Raimundo/// Paco Rabal/// Eugenio Trías/// Elena Fortún/// Buenavista/// José Hierro (San Blas)/// Manuel Vázquez Montalbán/// María Zambrano/// Gabriel García Márquez/// José Hierro (Usera)/// Vicálvaro/// Gerardo Diego/// Luis Martín-Santos
7/12/2020 10:45:08,Pre-reader,22,En la calle,Allen/// Francesca,Allen/// Francesca; Litchfield/// Jo,Usborne,Barcelona,2006,Yes,Informational Text,Calles,9780746073926,Un libro para reconocer y señalar/// es decir/// para los más pequeños.  Páginas en cartoné aseguran un largo uso/// y la sencillez de las ilustraciones tabién permirirá que los más pequeños lo lean una y otra vez.  Cada doble página presenta una escena de la calle donde hay tiendas/// tráfico/// obras o mercados.  Unas imágenes en la parte superior de la página marcan el objeto que hay que buscar y en letras grandes está escrito el nombre.  En el reso de la página/// se sucede una escena familiar en cualquier ciudad.  Las ilustraciones están modeladas en plastilina/// lo que produce una cierta rigidez en los personajes que/// por otra parte/// resultan más fáciles de reconocer que si estuvieran dibujados.  Finalmente/// unas lengüetas marcan la página donde se encuentra la escena/// a modo de índice/// para que los niños puedan buscar rápido su preferida.,Luis Rosales/// Paco Rabal
7/12/2020 10:54:13,Pre-reader,22,Marimar/// la sirena gruñona,Antón/// Rocío; Núñez/// Lola,Ranucci/// Claudia,Edelvives,Zargoza,2006,Yes,Narrative,Sirenas,8426359612,Literariamente los hallazgos de este libro son escasos/// pero esta colección tiene la virtud de combinar el texte en letra cursiva con pictogramas y esto es muy del gusto de los adultos.  Los adultos mediadores/// que acompañan a los primeros lectores en sus apredizajes valoran que en estos libros el lector experto va leyendo el texto y los niños completan el sentido leyendo el pictograma y así esta lectura compartida resulta de gran valor como estímulo para los aprendices.  Las ilustraciones son simpáticas y algo caricaturescas/// alejadas de la estética que ha caracterizado a las sirenas de Walt Disney y proponiendo un personaje menos sexy y mucho más cercano al mundo infantil.,Pío Baroja/// Ana María Matute/// Luis Rosales/// Iván de Vargas/// Pedro Salinas/// Francisco Ibáñez/// Dámaso Alonso/// José Luis Sampedro/// La Elipa/// Pablo Neruda/// Rafael Alberti/// Huerta de la Salud/// Aluche/// Antonio Mingote/// Ángel González/// Moratalaz/// Miguel Hernández/// Portazgo/// Pozo del Tio Raimundo/// Vallecas/// Paco Rabal/// Elena Fortún/// Buenavista/// Canillejas/// José Hierro (San Blas)/// San Blas/// Manuel Vázquez Montalbán/// María Zambrano/// Gabriel García Márquez/// José Hierro (Usera)/// Francisco Ayala/// Vicálvaro/// Gerardo Diego/// Luis Martín-Santos/// María Moliner
7/12/2020 11:08:50,Pre-reader,22,El león que no sabía escribir,Baltscheit/// Martín,Balscheit/// Martín,Lóguez,Salamanca,2006,No,Picture Book,Animales humanizados,8496646033,Un león no tiene por qué saber leer ni escribir.  Hasta ahora/// con ser el rey de la selva le ha bastado por el momento y rugir ha sido más que suficiente/// pero ha conocido a una leona que sabe leer y que le parece una dama.  Le gustaría escribirle y encarga a diferentes animales que le redacten una carta para su amada.  La cosa no será tan fácil/// pues cada animal contará lo que él quiere alejándose de las pretensiones del león.  Este libro resulta una preciosa metáfora sobre el valor de la escritura y la lectura.  Sirve para comunicarnos/// para expresar el amor o la ira.  Es útil además de divertido.  Las magníficas ilustraciones/// bien definidas en su contorno/// realizadas con diferentes técnicas incluido collage y ordenador aportan una gran fuerza al relato.  Son magníficas las guardas del álbum.  Para mirarlas despacito y disfrutar.,Pío Baroja/// Ana María Matute/// Luis Rosales/// Benito Pérez Galdós/// Iván de Vargas/// Mario Vargas Llosa/// Pedro Salinas/// Francisco Ibáñez/// Dámaso Alonso/// José Luis Sampedro/// Ciudad Lineal/// La Elipa/// Pablo Neruda/// José Saramago/// Rafael Alberti/// Huerta de la Salud/// María Lejárraga/// Aluche/// Antonio Mingote/// Ángel González/// Miguel Delibes/// Moratalaz/// Miguel Hernández/// Pozo del Tio Raimundo/// Vallecas/// Elena Fortún/// Buenavista/// Canillejas/// José Hierro (San Blas)/// San Blas/// Manuel Vázquez Montalbán/// Gabriel García Márquez/// José Hierro (Usera)/// Francisco Ayala/// Vicálvaro/// Luis Martín-Santos/// María Moliner
7/12/2020 11:21:23,Pre-reader,22,Bona Nox,Bauer/// Jutta; Wolfgan Amadeus Mozart,Bauer/// Jutta,Lóguez,Salamanca,2006,No,Picture Book,Miedos infantiles; Noche,8489804974,"Un álbum de pequeño formato/// en el que la ilustradora alemana Jutta Bauer da vida con sus dibujos a una canción infantil de Mozart.  En ella/// se cuenta la historia de cómo la pequeña Lotte es asaltada en la noche por el toro Fox.  El miedo invade al principio a la niña/// pero ésta no tarda en hacerle frente en el oscuro bosque/// y encontrará el camino de vuelta a casa.  Un libro con el que se podrá trabajar con los niños cómo ahuyentar los miedos antes de dormir/// ademas de aprender cómo se dice ""buenas noches"" en latín/// italiano/// francés/// ingles y alemán.  La ilustradora de Madrechillona/// El ángel del abuelo/// y La reina de los colores interpreta una obra de Mozart que seguramente cobre mayor sentido escuchándolo cantado a cuatro voces en el idioma original.",Ana María Matute/// Luis Rosales/// Benito Pérez Galdós/// Iván de Vargas/// Mario Vargas Llosa/// Pedro Salinas/// Francisco Ibáñez/// Dámaso Alonso/// José Luis Sampedro/// Ciudad Lineal/// La Elipa/// Pablo Neruda/// Rafael Alberti/// Huerta de la Salud/// María Lejárraga/// Aluche/// Antonio Mingote/// Ángel González/// Miguel Delibes/// Miguel Hernández/// Pozo del Tio Raimundo/// Eugenio Trías/// Elena Fortún/// Buenavista/// José Hierro (San Blas)/// San Blas/// Manuel Vázquez Montalbán/// María Zambrano/// Gabriel García Márquez/// José Hierro (Usera)/// Vicálvaro/// Gerardo Diego/// Luis Martín-Santos/// María Moliner
7/12/2020 11:33:59,Pre-reader,22,El zoo de Joaquín,Bernasconi/// Pablo,Bernasconi/// Pablo,Kalandrak,Sevilla,2006,Yes,Picture Book/// Narrative,Animales/// Inventos/// Rimas,8496388360,"El collage está de moda/// la mezcla de elementos/// de texturas para ilustrar.  Ilustradores como Isidro Ferrer y Gusti/// entre otros/// componen sus propuestas con objetos que/// combinados/// generan otro bien distinto.  Bernasconi utiliza la técnica de collage (trabajado en photoshop) presentando este particular betiario.  Porque El zoo de Joaquín nos cuenta la historia de Joaquín/// un niño travieso que quiere ser inventor.  ""Con algunos cachivaches y regalos de mi tía armaré diez animales que me hagan compañía"": un hipopótamo con un rallador de queso/// con un plumero un bicho feo o un ratón con un teléfono viejo son algunos de ellos.  El texto es rimado/// frases cortas/// pareados que marcan el ritmo de la lectura/// un recurso muy utilizado en los textos para chicos y chicas pequeños para ayudarles a seguir la historia.",Pío Baroja/// Ana María Matute/// Benito Pérez Galdós/// Iván de Vargas/// Mario Vargas Llosa/// Pedro Salinas/// Francisco Ibáñez/// Dámaso Alonso/// José Luis Sampedro/// Ciudad Lineal/// La Elipa/// Pablo Neruda/// Huerta de la Salud/// Aluche/// Antonio Mingote/// Ángel González/// Miguel Delibes/// Miguel Hernández/// Pozo del Tio Raimundo/// Vallecas/// Paco Rabal/// Eugenio Trías/// Buenavista/// Canillejas/// José Hierro (San Blas)/// San Blas/// Manuel Vázquez Montalbán/// María Zambrano/// Gabriel García Márquez/// José Hierro (Usera)/// Vicálvaro/// Gerardo Diego/// Luis Martín-Santos/// María Moliner
7/12/2020 11:42:30,Pre-reader,22,El libro del verano,Berner/// Rotraut Susanne,Berner/// Rotraut Susanne,Anaya,Madrid,2006,No,Picture Book/// Game-Book,Verano,8466752129,Con una ausencia total de texto/// este libro de gran formato cuenta muchas cosas.  En la contraportada encontramos pistad de los innumerables personajes que viven sus pequeñas y cotidianas historias en este libro/// compuesto de enormes páginas dobles y escenas con muchos detalles para observar.  Un libro para compartir/// niño y adulto/// recorriendo una y otra vez la peripecia de cada personaje de principio a fin.  Historias sencillas y sorprendentes/// con un amable tono de humor/// componen estos relatos de verano con la gracia del pincel de esta famosa ilustradora alemana.  El libro es/// para los más pequeños/// una excelente introducción en la lectura secuenciada de imágenes/// motivados por el interés de cada diminuta y escondida historia.  La elección de páginas en cartoné plastificado resulta un gran acierto para un libro que propone múltiples relecturas.,Pío Baroja/// Ana María Matute/// Luis Rosales/// Benito Pérez Galdós/// Mario Vargas Llosa/// Francisco Ibáñez/// Dámaso Alonso/// José Luis Sampedro/// Ciudad Lineal/// Pablo Neruda/// José Saramago/// Huerta de la Salud/// María Lejárraga/// Antonio Mingote/// Ángel González/// Miguel Delibes/// Moratalaz/// Miguel Hernández/// Portazgo/// Pozo del Tio Raimundo/// Vallecas/// Paco Rabal/// Eugenio Trías/// Buenavista/// Canillejas/// José Hierro (San Blas)/// San Blas/// Manuel Vázquez Montalbán/// María Zambrano/// Gabriel García Márquez/// José Hierro (Usera)/// Francisco Ayala/// Vicálvaro/// Gerardo Diego/// Luis Martín-Santos
7/12/2020 11:50:53,Pre-reader,22,Óscar tiene frío,Alcántara/// Ricardo,Urberuaga/// Emilio,Alfaguara,Madrid,2006,Yes,Picture Book,Osos/// Amistad,8491222383,"Qué ingenioso comienzo: ""Los osos son tan grandes que les cabe mucho sueño en el cuerpos/// por eso pueden dormir durante todo el invierno"".  Effectivamente el oso Óscar duerme/// como todos los osos/// hasta la llegada de la primavera.  Y cuando las hojas ya verdeaban y el sol brillaba con ganas decide salir de la cueva.  Pero Óscar tiene mucho frío.  Le ayuda primero la liebre con una manta/// después la urraca dándole chocolate/// y el zorro ecendiendo fuego.  Pero Óscar sigue teniendo frío.  Lo que necesita es un abrazo/// que le da Milagros su amiga del alma.  ""Había pasado tanto tiempo en su casa/// que el frío de la soledad se le había metido bajo el pellejo"".  Ricardo Alcántara nos presenta esta tierna historia escrita en cursiva/// un lenguaje cuidado y con una pequeña dosis de humor.  Este pequeño álbum es la segunda entrega de las aventuras de este particular personaje/// que ya habíamaos conocido en El secreto de Óscar.  Las ilustraciones corren a cargo de Emilio Urberuaga/// maestro en el grafismo humorístico.",Pío Baroja/// Ana María Matute/// Luis Rosales/// Benito Pérez Galdós/// Iván de Vargas/// Mario Vargas Llosa/// Francisco Ibáñez/// Dámaso Alonso/// José Luis Sampedro/// Ciudad Lineal/// La Elipa/// Pablo Neruda/// José Saramago/// Huerta de la Salud/// Antonio Mingote/// Ángel González/// Miguel Delibes/// Miguel Hernández/// Pozo del Tio Raimundo/// Paco Rabal/// Eugenio Trías/// Elena Fortún/// Buenavista/// Canillejas/// José Hierro (San Blas)/// San Blas/// Manuel Vázquez Montalbán/// María Zambrano/// Gabriel García Márquez/// José Hierro (Usera)/// Vicálvaro/// Gerardo Diego/// Luis Martín-Santos/// María Moliner
7/12/2020 12:01:14,Pre-reader,22,Berta/// la abeja y sus amigos,Berta,,Beascoa,Barcelon,2006,Yes,Game-Book,Animales,8448823230,"Este tipo de libros realizados en tela permite una primera manipulación del formato libro para los más pequeños.  En este caso/// no hay historia ya que el libro va dirigido a niños que no podrían seguirla/// pero presenta una enumeración de animales unidos por la categoría de ""amigos de la abeja Berta"" que da título al libro.  Así/// en cada página/// aparece un pequeño animal y ofrece una textura para que los niños más pequeños puedan aprehenderlo mediante el tacto.  En cada caso/// la textura destaca lo más relevante del animal: las patas en el caso de la araña/// las alas de la mariposa y la libélula/// el caparazón del caracol...  El valor de estos materiales no reside en la literatura ni en la ilustración/// sino en la familarización con un soporte que al pasar las páginas ofrece diferentes posibilidades y sorpresas.",
7/12/2020 16:31:41,Pre-reader,22,Mi abuela va al mercado,Blackstone/// Stella,Corr/// Christopher,Intermón Oxfam,Barcelona,2006,No,Informational Text,Números/// Abuelas,8484524221,"Un día la abuela se hace con una alfombra voladora y desde Estambul inicia un viaje por distintos países hasta encontrar lo más valioso del mundo.  La abuela va adquiriendo distintos objetos de artesanía/// dos gatos/// tres máscaras... que le acompañan en la alfombra y se acumulan como en un cuento tradicional/// pero hemos de leer hasta el final para hallar la sorpresa.  A pesar de ser este un libro pensado para enseñar los números/// tiene una sencilla secuenciación narrativa y algo de rima en el texto/// aunque muy torpe.  Lo más valioso es su ilustración de tonos semejantes a los de los tapices artesanales.  El tratamiento de la pintura/// directo y grueso/// de color intenso/// sin dibujo/// nos recuerda lejanamente a Matisse y al Fauvismo.  Las perspectivas aéreas ayudan a identificar los lugares por su paisaje rural o urbano.  Cada imagen se nos envía como una ""instatánea"" fotográfica y frontal de la abuela y el artesano.",Luis Rosales/// Pedro Salinas/// José Luis Sampedro/// Antonio Mingote/// Miguel Hernández/// Elena Fortún/// José Hierro (Usera)/// Luis Martín-Santos/// María Moliner
7/12/2020 16:45:37,Pre-reader,22,Pipí/// caca,Blacke/// Stephanie,Blake/// Stephanie,Corimbo,Barcelona,2006,No,Picture Book,Conejos/// Humor,8484702162,"""Había una vez un conejo que sólo sabía decir UNA cosa..."": pipí caca.  Las cosas cambian cuando es engullido por un lobo.  Pero la mala digestión le hace llamar al doctor/// que no es otro que el padre del conejito que le rescata de las tripas del lobo.  Se produce entonces el milagro/// ya no dice pipí caca/// ahora dice: pedo.  ¡Viva la escatología!.  La autora busca la complicidad con el lector provocando la carcajada fácil/// lo hace con las palabras más provocadoras del humor infantil: pipí/// caca/// pedo.  Un libro que divierte a los pequeños lectores por lo que tiene de tabú el tema.  La ilustración recuerda los trabajos de Solotareff (con algunos trabajos editados también por Corimbo).  Son ilustraciones sencillas/// de trazo grueso/// muy cercanas al imaginario infantil muy satinadas a base de colores planos contrastados.",Luis Rosales/// Pedro Salinas/// José Luis Sampedro/// Antonio Mingote/// Moratalaz/// Miguel Hernández/// Paco Rabal/// Elena Fortún/// José Hierro (Usera)/// Luis Martín-Santos/// María Moliner
7/12/2020 16:50:59,Pre-reader,22,Súperconejo,Blake/// Stephanie,Blake/// Stephanie,Corimbo,Barcelona,2006,No,Picture Book,Conejos/// Valentía,8484704394,"El pequeño conejo humanizado se levanta cada mañana dispesto a ser un superconejo y a plantearse la jornada combatiendo a sus enemigos.  Su mamá insiste en llamarlo ""conejito"" pero el héroe se niega a ese papel tan doméstico para atender a otros objetivos más altos.  Cuando se clave una astilla en su dedo y su mamá tenga que quitársela con una aguja/// el superconejo domostrará hasta qué punto es un valiente.  Con unas ilustraciones divertidas e ingenuas/// en las que se aprecia de lejos el trazo de Solotareff/// masas de colores planos y trazo grueso para destacar la figura/// tenemos un álbum que resalta la capacidad de los niños para jugar/// sentirse otros y desafiar a la mediocre realidad con su fantasía.",Luis Rosales/// Pedro Salinas/// José Luis Sampedro/// Rafael Alberti/// Antonio Mingote/// Moratalaz/// Miguel Hernández/// Elena Fortún/// José Hierro (Usera)/// Luis Martín-Santos
7/12/2020 16:58:08,Pre-reader,22,Mi cerdito,Blanpain/// Jeane-Pierre,Blanpain/// Jean-Pierre,Dandelión,Madrid,2006,Yes,Picture Book,Cerdos/// Colores,8496568075,Este librito que juega con el espema de una sencilla comparación sobre los colores guarda un soprendente y divertido final/// algo cruel/// pero sin duda simpático.  El esquema siempre idéntico nos presenta a un cerdito que le gustaría ser de cualquier color menos rosa.  El cerdito compara el color que le gustaría tener con otros elementos de la naturaleza que lo tienen pero solo hasta la última página el lector no sabrá por qué no quiere ser rosa.  Esta serie de libros Los Charlitos responde a un planteamiento muy sencillo que tiene como base el humor inteligente y lo inesperado.,Luis Rosales/// Miguel Hernández/// María Moliner
7/12/2020 17:05:39,Pre-reader,22,Rita/// la lagartija,Blasco Grau/// Irene,Blasco Grau/// Irene,Tandem,Valencia,2006,No,Picture Book/// Narrative,Rimas/// Lagartijas,8481315990,A través de un excelente trabajo de ilustración que juega con las texturas y con una gran fuerza expresiva conseguida a través de la intensidad de los colores y los gestos de los animales/// el lector conoce la historia de esta lagartija que no sabe muy bien quien es.  Si primero cree que es un camaleón su duda no puede contar con la complicad del lector que ve con total claridad que colocada sobre cualquier animal no se confunde con ellos/// si después cree que es una tortuga/// el lector sonríe y sabe que no es posible estar tan confundida.  Sus amigos los animales buscarán una estrategia para que la lagartija llegue a saber quién es y lo consiguen.  La rima busca el humor y la complicidad con el lector.,Pío Baroja/// Ana María Matute/// Luis Rosales/// Benito Pérez Galdós/// Mario Vargas Llosa/// Dámaso Alonso/// Ciudad Lineal/// La Elipa/// Pablo Neruda/// Ángel González/// Miguel Delibes/// Portazgo/// Pozo del Tio Raimundo/// Eugenio Trías/// Canillejas/// María Zambrano/// Gabriel García Márquez/// Gerardo Diego
7/12/2020 17:11:50,Pre-reader,22,¡Mamá/// llévame contigo por favor!,Cabrera/// Jane,Cabrera/// Jane,Artime,Madrid,2006,No,Picture Book/// Narrative,Madres,8487680763,En este álbum ilustrado editado en rústica/// varios cachorros de animales son los protagonistas.  En él/// aparece cómo las madres llevan a sus cachorros: mamá hipopótamo sobre su lomo/// mamá cocodrilo entre sus dientes/// mamá canguro en su bolsa/// etc.  Hasta que llega el niño que le pide a su madre que le coja y le abrace fuerte.  Un libro orientado a los más pequeños/// en el que la ternura y la protección maternal están muy presentes.  Con él se podrá disfrutar en familia y los destinarios podrán observar animales seguramente ya conocidos/// y descubrirán otros menos habituales.  Las ilustraciones no destacan por su calidad/// pero son expresivas por los colores vivos empleados/// a pesar de que el dibujo en sí resulta torpe.,Pío Baroja/// Ana María Matute/// Iván de Vargas/// Pedro Salinas/// Francisco Ibáñez/// Dámaso Alonso/// Ciudad Lineal/// La Elipa/// Pablo Neruda/// José Saramago/// Huerta de la Salud/// Antonio Mingote/// Ángel González/// Miguel Delibes/// Pozo del Tio Raimundo/// Vallecas/// Canillejas/// San Blas/// María Zambrano/// Gabriel García Márquez/// Francisco Ayala/// Vicálvaro/// Gerardo Diego/// Luis Martín-Santos
7/12/2020 17:19:02,Pre-reader,22,Aprende a contar,Cabrera/// Jane,,Artime,Madrid,2006,No,Picture Book/// Narrative,Números,8496635139,Dirigido a niños muy pequeños/// este álbum repasa los números/// del uno al diez/// con una estructura que se va repitiendo en cada página/// a modo de retahíla.  Todas las escenas protagonizadas por una mamá animal/// y sus uno/// dos/// tres... hasta diez hijitos.  La repetición de un esquema en el que van cambiando algunas palabras resulta muy atractivo para los lectores/// que sin saber leer/// se anticiparán a terminar las frases con facilidad.  Unas ilustraciones en acrílicos de potentes colores permiten apreciar las pinceladas y la textura de la pintura.  El libro termina con una escena final donde se encuentran todos los animales reunidos/// con una invitación a la observación/// y una página/// a modo de glosario/// de todos los animales/// del uno al diez.,Ana María Matute/// Luis Rosales/// Iván de Vargas/// Mario Vargas Llosa/// Francisco Ibáñez/// Dámaso Alonso/// Ciudad Lineal/// La Elipa/// Huerta de la Salud/// Ángel González/// Miguel Delibes/// Pozo del Tio Raimundo/// Eugenio Trías/// Buenavista/// Canillejas/// San Blas/// Gabriel García Márquez/// Francisco Ayala/// Vicálvaro/// Gerardo Diego
7/12/2020 17:29:38,Pre-reader,22,La araña hacendosa,Carle/// Eric,Carle/// Eric,Kókinos,Madrid,2006,No,Picture Book/// Narrative,Arañas,8488342969,El trabajo de tejer una tela de araña dura un día completo y de una manera muy sencilla y también muy plástica los pequeños lectores llegan a descubrirlo.  Este ilustrador/// que trabaja con frequencia el collage/// se preocupa de manera especial por la naturaleza y los fenómenos de transformación que en ella ocurren (La pequeña oruga glotona/// El grillo silencioso) y así se puede comprobar cómo el incansable trabajo de la araña da un resultado espectacular.  El libro se construye a través de la incorporación de varios animales que invitan a la araña a abandonar su trabajo y a salir a jugar.  Como va dirigido a niños muy pequeños la aparición del animal incluye la onomatopeya y siempre sigue un mismo esquema que confirma esta tarea interminable.,Luis Rosales/// Pedro Salinas/// José Luis Sampedro/// Rafael Alberti/// Antonio Mingote/// Moratalaz/// Miguel Hernández/// Eugenio Trías/// Elena Fortún/// José Hierro (San Blas)/// José Hierro (Usera)/// Luis Martín-Santos/// María Moliner
7/12/2020 17:36:37,Pre-reader,22,Diez patitos de goma,Carle/// Eric,Carle/// Eric,Kókinos,Madrid,2004,No,Picture Book,Números/// Patos,8488342802,La sencillez y expresividad de los collages de Eric Carle/// que ya conocemos por otras obras como La oruga glotona o El grillo silencioso vuelven en este libro para contarnos una historia inventada a partir de un suceso real.  Miles de patitos de goma que formaban parte de un cargamento se caen al mar.  Y este cuento sigue la historia de diez de ellos y sus peripecias por el mar.  Es notable el uso que hace de la textura de los papeles que utiliza y el manejo de la acuarela y las ceras para ofrecer una estética infantil con colores potentes y contrastados/// muy diferente a lo que se viene considerando una ilustración adecuada para niños pequeños.,Luis Rosales/// Pedro Salinas/// José Luis Sampedro/// Rafael Alberti/// María Lejárraga/// Antonio Mingote/// Moratalaz/// Miguel Hernández/// Elena Fortún/// José Hierro (Usera)/// Luis Martín-Santos/// María Moliner
7/12/2020 17:42:30,Pre-reader,22,¿Qué tempo hace Maisy?,Cousins/// Lucy,Cousins/// Lucy,Serres,Barcelona,2006,No,Picture Book,Tiempo atmosférico,8484882454,En este álbum troquelado la ratita Maisy nos enseña el tiempo que hace cada día.  Nada más levantarse/// Maisy mira por la ventana para ver qué tiempo hace.  Hay días en los que el sol calienta con fuerza y maisy se va a la playa/// otros en los que nieva y hace mucho frío/// otros días son lluviosos y a la ratita le gusta dar saltos sobre los charcos/// pero cuando se levanta una gran tormenta es mejor quedarse en casa hasta que salga el arco iris.  Con este libro se puede hablar con los más pequeños del tiempo atmosférico/// de los colores del arco iris/// de las prendas de vestir apropiadas para cada momento del año.  Tirando de las lengüetas y girando las ruedas/// descubriremos lo que enseña Maisy.,José Luis Sampedro/// Rafael Alberti
7/13/2020 18:24:37,Pre-reader,22,Un osito se cae de la cama,Donaldson/// Julia,Currey/// Anna,Juventud,Barcelona,2006,No,Narrative,Rimas/// Números,8426135145,Tres ratones/// con diferentes y originales ideas/// ayudand a un osito que se ha caído de la cama.  La presencia de coches/// muñecas/// gnomos/// globos/// ranas y hasta cubos sirven de contenido a esta historia con rima que permite aprender a contar.  Un final que sorprende.  Las ilustraciones/// de gran calidad/// mustran elementos fácilmente reconocibles por los niños y niñas.  Una historia que invita a contar de un modo diferente.,Ana María Matute/// Luis Rosales/// Benito Pérez Galdós/// Iván de Vargas/// Mario Vargas Llosa/// Pedro Salinas/// Francisco Ibáñez/// Dámaso Alonso/// José Luis Sampedro/// La Elipa/// Rafael Alberti/// Antonio Mingote/// Ángel González/// Miguel Delibes/// Moratalaz/// Pozo del Tio Raimundo/// Vallecas/// Eugenio Trías/// Elena Fortún/// Buenavista/// Canillejas/// San Blas/// Manuel Vázquez Montalbán/// José Hierro (Usera)/// Vicálvaro/// Gerardo Diego/// Luis Martín-Santos/// María Moliner
7/13/2020 18:35:40,Pre-reader,22,Las diez gallinas,Dupuis/// Sylvia,,Edelvives,Zaragoza,2006,Yes,Informational Text,Colores/// Números,8426361722,Con un texto rimado y unas ilustraciones muy humorísticas en ceras y acrílicos de intenso coloridos/// se muestra a diez gallinas/// que ponen huevos en las situaciones más disparatadas.  Cada gaillina de un color/// se unen al final en una escena en la que los puequeños lectores puedent jugar a relacionar a cada mamá con su pollito.  Una correcta maquetación con el texto en negro sobre blanco a la izquierda y la ilustración a la derecha/// aporta ritmo a esta musical historia/// editada en cartoné en un formato apaisado para que el niño pueda manejarla sin ayuda.,Pío Baroja/// Ana María Matute/// Luis Rosales/// Mario Vargas Llosa/// Francisco Ibáñez/// Ciudad Lineal/// María Lejárraga/// Miguel Delibes/// Moratalaz/// Eugenio Trías/// Canillejas/// José Hierro (San Blas)/// Gabriel García Márquez
7/13/2020 18:45:30,Pre-reader,22,Mamás a porrillo,Durán/// Teresa,Quelot,La Galera,Barcelona,2006,No,Picture Book,Madres/// Animales,8424623398,Ante la riña de mamá/// Juan se rebela/// y su ingenioso papá decide ir en busca de una nueva mamá.  Así/// inician un recorrido en el que el padre invita a Juan a descubrir posibles mamás sustitutas/// todas con interesantes cualidades/// pero todas del reino animal.  Un paseo por las páginas llenas de color/// que refuerzan el tono humorístico de la historia/// anunciado desde el propio título/// invita al lector-niño a sorprenderse con cada nueva ocurrencia del adulto protagonista.  Las ilustraciones en colores planos/// el juego de tipografías para identificar cada voz narrativa y un acertado ritmo repetitivo hacen muy apropiada este álbum para los más pequeños.,Ana María Matute/// Luis Rosales/// Iván de Vargas/// Francisco Ibáñez/// Ciudad Lineal/// La Elipa/// Pablo Neruda/// Huerta de la Salud/// Aluche/// Antonio Mingote/// Ángel González/// Miguel Delibes/// Portazgo/// Pozo del Tio Raimundo/// Vallecas/// Paco Rabal/// Eugenio Trías/// Buenavista/// Canillejas/// José Hierro (San Blas)/// San Blas/// Manuel Vázquez Montalbán/// María Zambrano/// Gabriel García Márquez/// José Hierro (Usera)/// Vicálvaro/// Gerardo Diego/// María Moliner
7/13/2020 18:53:17,Pre-reader,22,Diez monstruos traviesos,Emmett/// Jonathan,Parker/// Ant,Beascoa,Bercelona,2006,No,Picture Book,Monstruos/// Números,8448823745,Un libro para enseñar a los más pequeños a contar/// pero a contar monstruos.  La propuesta plástica es interesante: sobre la página de un intenso color plano/// un texto en negro/// tan solo una descriptiva frase en negro/// que deja protagonismo al troquelado central/// donde el lector descubre a los monstruitos traviesos en una escena animada.  El lector buscará a los monstruos que protagonizan diez situaciones de pura diversión/// empezando en la primera página con la lectura de un libro.,
7/13/2020 18:59:02,Pre-reader,22,¿Quién se puede esconder?,Emmett/// Jonathan,Church/// Caroline Jayne,Edelvives,Zaragoza,2006,No,Game-Book,Animales,8426359450,"Un álbum ""móvil"" que invita al juego a través de la apertura de diferentes puertas; cajones; entre otros objetos que se pueden hallar en una casa.  Una serie de divertidas ilustraciones de animales que aparecen y desaparecen en escondites a su medida.  Y un elefante que no termina de encontrar el lugar adecuado para esconderse/// hasta que puede hallarlo sorprendiendo a los lectores.  Las preguntas al pie de cada página resultan muy buen recurso para jugar con las infinitas posibilidades de respuestas.",Luis Rosales/// Mario Vargas Llosa/// Dámaso Alonso/// Ruiz Egea
7/13/2020 19:20:19,Pre-reader,22,Espaguetis para Susana,Genechten/// Guido van,Genechten/// Guido van,SM,Madrid,2006,No,Narrative,Vida cotidiana,8420427144,Dirigido a los más pequeños y para animarles a que empiecen a hacer uso del orinal en sus hábitos cotidianos/// el autor hace uso de un recurso muy utilizado en los libros para los primeros lectores: la comparación con otros seres vivos/// en concreto con otros animales.  Y así a través de la estructura enumerativa que resulta a las más sencilla para un niño que todavía no sabe leer/// el lector va conociendo los tipos de culitos que tienen los animales.  Con unas ilustraciones que empatizan con los lectores por sus tonalidades/// y fuertemente silueteadas en negro/// los más pequeños pueden sonreír y disfrutar viendo culitos ajenos.,Luis Rosales/// Rafael Alberti/// Antonio Mingote/// Moratalaz/// Miguel Hernández/// Paco Rabal/// Elena Fortún/// Luis Martín-Santos
7/13/2020 19:35:14,Pre-reader,22,El atrapalunas: Cuento del Sur de África,Girona/// Ramón,Porta/// Carles,Libros del Zorro Rojo,Barcelona,2006,Yes,Picture Book/// Narrative,Cuentos populares,8496509605,"Este cuento tradicional africano con los motivos de la narración oral universal es el viaje de un gatito en busca de la luna.  Sale del tam-tam donde ha nacido y va preguntando al mar/// a la araña/// al murciélago/// al árbol.  Le ponen acertijos que el gato desenreda hasta dar con su camino.  Alcanzar los sueños a veces tiene resultados imprevisibles y los dioses tuvieron que reordenar el caos/// poniendo al derecho de nuevo el mundo/// ""no permitiendo que el gato se quedara con la luna"" pero/// ¿dónde fue el gato? Relato lleno de esperanza/// de posibilidades para crecer.  La ilustración se acompasa al ritmo de la historia y parece que uno no puede ser sin la otra.  Carles Porta inventa un gato único/// lo lleva por ahí entre bicromías/// sombras que anticipan el miedo o el peligro/// fuertes contrastes de luz/// morados tranquilos.  El lenguaje destinado a colectivos con dificultades lectoras nos hace pensar que todos los libros deberían tener ese mismo cuidado.",Pío Baroja/// Ana María Matute/// Luis Rosales/// Benito Pérez Galdós/// Iván de Vargas/// Mario Vargas Llosa/// Dámaso Alonso/// Ciudad Lineal/// La Elipa/// Pablo Neruda/// María Lejárraga/// Aluche/// Ángel González/// Miguel Delibes/// Portazgo/// Pozo del Tio Raimundo/// Vallecas/// Paco Rabal/// Eugenio Trías/// Elena Fortún/// Buenavista/// Canillejas/// José Hierro (San Blas)/// Manuel Vázquez Montalbán/// María Zambrano/// Gabriel García Márquez/// Francisco Ayala/// Vicálvaro/// Gerardo Diego/// Luis Martín-Santos
7/13/2020 19:42:50,Pre-reader,22,El mar en calma y viaje feliz,Goethe/// Johann Wolfgang von,Schössow/// Peter,Juventud,Barcelona,2006,No,Poetry,Mar,8426135161,Un poema que/// a través de un navegante solitario/// nos transmite la angustia y la felicidad como un contrapunto entre dos caras posibles del mar.  La calma como generadora de incertidumbre/// la brisa como mensage de esperanza.  Un género complejo de tratar: la poesía llevada a formato álbum/// esta vez/// y felizmente/// al alcance de los más pequeños.  Una posibilidad de ameno conocimiento de un género que no suele estar presente para estas edades.  Un positivo acercamiento a la obra de un autor universal.  Las ilustraciones amplían las sensaciones que transmiten las palabras a través de una estética de calidad.  A su vez se convierte en aliada al momento de interpretar el particular lenguaje poético.,Luis Rosales/// Pedro Salinas/// José Luis Sampedro/// Rafael Alberti/// Antonio Mingote/// Moratalaz/// Miguel Hernández/// José Hierro (Usera)/// Luis Martín-Santos/// María Moliner
7/13/2020 20:14:08,Pre-reader,22,¿Para qué sirven los dientes?,Gusti,Gusti,Alfaguara,Madrid,2006,Yes,Picture Book,Dientes/// Animales,8420469947,¿Para qué sirven los dientes?.  Esta pregunta le sirve a Gusti para mostrar un catálogo de collages que muestran la fauna más variada/// desde el león hasta el hipopótamo/// pasando por el murciélago y el cocodrilo.  Gusti responde a la pregunta indicando para qué los usan algunos animales/// para masticar/// hacer agujeros en el hielo o cortar trocitos de madera.  La propuesta plástica son collages que/// con todo tipo de materiales (botones/// cuero/// madera/// remaches...) y texturas/// y de una manera limpia y ordenada/// componen las figuras de los animales.  Leemos en la cuarta de cubierta que la colección está dirigida a prelectores que da apoyo a las áreas curriculares.  Es una collección para descubrir algunos datos informativos desde el juego.  En esta misma colección encontramos otro título: ¿Cómo serán mis cuernos?.,Pedro Salinas/// José Luis Sampedro/// Rafael Alberti/// Antonio Mingote/// Moratalaz/// Miguel Hernández/// Paco Rabal/// Elena Fortún/// José Hierro (Usera)/// Luis Martín-Santos/// María Moliner
7/13/2020 20:16:00,Pre-reader,22,En la playa,Guidoux/// Valérie,,SM,Madrid,2006,Yes,Picture Book/// Narrative,Playas/// Libros-Juego,8467508140,Un libro grande para pequeños lectores: tapa dura (acolchada)/// formato cuadrado y/// en cada doble página/// lengüetas y pestañas para ayudar al lector a mirar debajo de las cosas.  En este volumen/// el tema es la playa.  Las mareas propician el encuentro con muchos elementos de fauna y flora marina que parecen ocultos: maderas desgastadas/// algas/// rocas con grietas/// pequeños peces/// etc.  El escaso texto permite concentrarse en la imagen y en los juegos con las pestañas.  Una sugerente propuesta/// tal vez algo ingenua (todos los animales tienen rostro y muchos hacen gestos al lector/// lo que le quita un poco de seriedad informativa)/// pero el conjunto es adecuado para los que comienzan a descubrir lo que les rodea.,
7/14/2020 14:06:25,Pre-reader,22,Bumba no quiere dormir,Hahn/// Cyril,Hahn/// Cyril,Edelvives,Zaragoza,2006,Yes,Game-Book,Selva/// Vida cotidiana,8426361978,De noche todos duermen felices en la selva ¿todos?  Bumba/// un pequeño niño pigmeo justo ahora tiene ganas de jugar.  Irá buscando a sus amigos los animales bajo sus guaridas/// pero todos están ya en la cama.  Sin embargo/// algunas terribles fieras están dispuestas a jugar al imuerde a Bumba! y/// ahora sí/// tendrá que correr y esconderse.  Un libro de gran tamaño/// de cartón duro/// troquelado/// con solapas y alguna sorpresa más.  La ilustración es afectiva de tonos intensos/// redondeada y con trazo negro para delimitar las figuras.  Rápida/// insinuante/// onomatopéyica como el breve texto y como las emociones de Bumba.  A pesar de trabajar el color de forma expresionista-árboles azules/// morados-la vestimenta/// las casas y el hábitat de los pigmeos están bien documentados.  Esta historia puede ofrecer desde la oportunidad para el juego entre los lectores más pequeños/// hasta poder reflexionar sobre otras culturas/// los peligros o la ruptura de las normas con niños un poco mayores.,Luis Rosales/// Pedro Salinas/// Moratalaz/// Paco Rabal
7/14/2020 21:31:52,Pre-reader,22,El escarabajo encuentra un atajo,Hilario,Scagliotti/// Lot,Nicanitas,Montevideo (Uruguay),2006,Yes,Picture Book,Escarabajos/// Rimas,8496448126,"El escarabajo también tiene derecho a vacaciones.  Así que se pone su ropa playera/// se coloca sus gafas de sol y se dirige a la playa.  Pero no es tan fácil llegar para un animal tan pequeño/// las dunas de arena se convierten en grandes montañas.  El protagonista de la historia tiene suerte/// encuentra una botella con una sorpresa: un mapa con un atajo para llegar al mar.  Se trata de un pequeño álbum de cartoné para los más ""bajitos"".  Así lo presenta la editorial Nicanitas.  Las ilustraciones de Loti Scagliotti/// de línea clara/// estilo humorístico y coloreadas en el ordenador/// resultan algo confusas para la edad a la que va dirigido el texto.  El tándem Hilario-Scagliotti tiene publicados otros textos en esta misma colección: ¿Qué sueña Eugenia?/// Este sapo no es de trapo y Tito y el mosquito.",Ana María Matute/// Iván de Vargas/// Mario Vargas Llosa/// Francisco Ibáñez/// Dámaso Alonso/// La Elipa/// Pablo Neruda/// Ángel González/// Miguel Delibes/// Eugenio Trías/// Buenavista/// José Hierro (San Blas)/// Vicálvaro/// Gerardo Diego
7/14/2020 21:42:10,Pre-reader,22,Una nueva amiga.  Choni y Chano,Hobbie/// Holly,,Serres,Barcelona,2004,Yes,Informational Text,Cerdos/// Amistad,8423678725,En un apacible lugar/// conocido como El bosque de las Hayas/// viven dos simpáticos cerditos/// Choni y Chano/// conocidos por varias historias publicadas en esta misma serie.  Esta vez/// el otoño ha llegado y con él la prima Clara con su amiga.  Todos admiran a la nueva amiga/// que consigue hacer cualquier cosa mejor que los demás/// pero resulta muy pedante.  Los amigos se encargarán de bajarle los humos/// sin herirla.  Con abundantes diálogos ingenuos y frases cortas muy descriptivas/// se compone una tierna historia de amistad que se acerca con acierto a los sentimientos infantiles.  Las detallistas y cálidas ilustraciones en pasteles de tonos suaves/// con interesantes juegos de luz/// ofrecen escenas entrañables de estos niños-cerditos.,Luis Rosales/// Pedro Salinas/// José Luis Sampedro/// Rafael Alberti/// Miguel Hernández/// Elena Fortún/// José Hierro (Usera)/// Luis Martín-Santos/// María Moliner
7/14/2020 21:54:42,Pre-reader,22,Pasito,James/// Simon,James/// Simon,Faktoría K de Libros,Vigo,2006,No,Picture Book,Superación/// Patos,8493464104,"Tres patitos perdidos en medio del bosque.  El pequeño se cansa y se niega a continuar.  Los otros hermanos le sugieren que juegue al ""paso a paso"".  Con este sencillo truco consiguen que olvide el cansancio y avance junto a ellos.  Al pequeño no sólo le divertirá esta nueva actividad/// sino que se la tomará tan en serio que será él el primero que llegue junto a la mamá.  Para recompensarle/// todos le llamarán Pasito.  Un álbum de elegante edición/// con una ilustración sencilla que ayudará a los lectores a entrar en una historia donde se valora la tenacidad frente al desánimo.  Las ilustraciones recuerdan a ilustradores clásicos con sus líneas marcadas y una paleta muy sencilla de colores que transmite calma e invita a la relajación mientras se lee.",Pío Baroja/// Ana María Matute/// Luis Rosales/// Iván de Vargas/// Pedro Salinas/// Francisco Ibáñez/// Dámaso Alonso/// José Luis Sampedro/// Ciudad Lineal/// La Elipa/// Pablo Neruda/// Rafael Alberti/// Huerta de la Salud/// Aluche/// Antonio Mingote/// Ángel González/// Miguel Delibes/// Moratalaz/// Miguel Hernández/// Pozo del Tio Raimundo/// Paco Rabal/// Elena Fortún/// Buenavista/// Canillejas/// José Hierro (San Blas)/// San Blas/// Manuel Vázquez Montalbán/// María Zambrano/// Gabriel García Márquez/// José Hierro (Usera)/// Francisco Ayala/// Vicálvaro/// Gerardo Diego/// Luis Martín-Santos/// María Moliner
7/14/2020 22:06:36,Pre-reader,22,Perdido y encontrado,Jeffers/// Oliver,Jeffers/// Oliver,FCE,México,2005,Yes,Picture Book/// Narrative,Pingüinos/// Relacion niño-animal,9681677595,Un niño encontró un pingüino en la puerta de su casa.  El pingüino se veía triste ¿se habría perdido?  El niño decidió ayudarle/// preguntó en la oficina de objetos perdidos y también a unos pájaros/// pero no pudo solucionar el problema.  En un libro encontró la información que necesitaba/// dónde vivían los pingüinos: en el polo sur.  Así que decidió llevarlo él mismo a su casa.  La aventura está preparada/// ¿lo conseguirá?  El lector de este álbum encontrará más de una sorpresa y encontrara el valor de la amistad.  Las ilustraciones del propio creador del texto son excelentes.  Sencillos dibujos que sugieren la atmósfera triste del relato coloreados con acuarela.  La creativa composición de las páginas que combina los planos generales con los primeros planos/// y la división en viñetas facilitan el ritmo de la lectura.  Perdido y encontrado es un nuevo álbum de la editorial mexicana que más apuesta y arriesga por este tipo de formato.,Pío Baroja/// Ana María Matute/// Luis Rosales/// Benito Pérez Galdós/// Iván de Vargas/// Mario Vargas Llosa/// Pedro Salinas/// Francisco Ibáñez/// José Luis Sampedro/// Ciudad Lineal/// La Elipa/// Pablo Neruda/// Rafael Alberti/// Aluche/// Antonio Mingote/// Ángel González/// Miguel Delibes/// Moratalaz/// Pozo del Tio Raimundo/// Paco Rabal/// Eugenio Trías/// Elena Fortún/// Buenavista/// Canillejas/// San Blas/// Manuel Vázquez Montalbán/// Gabriel García Márquez/// José Hierro (Usera)/// Francisco Ayala/// Vicálvaro/// Gerardo Diego/// Luis Martín-Santos/// María Moliner
7/14/2020 22:15:47,Pre-reader,22,Cómo atrapar una estrella,Jeffers/// Oliver,Jeffers/// Oliver,FCE,México,2005,No,Picture Book/// Narrative,Deseos/// Estrellas,9681677587,Un niño/// cada noche/// mira desde su ventana al cielo: quiere una estrella para él.  Una estrella para jugar/// para pasear juntos.  Idea un plan para conseguirla y decide poner manos a la obra para lograrlo.  La historia del deseo de un niño narrada a través un texto profundo y a la vez sencillo.  Las imágenes que le acompañan nutren a la historia/// y la hacen creíble.  Ilustraciones en acuarelas con juegos de luz/// que proporcionan una interesante perspectiva y despiertan ternura.  El interés de este libro reside en la perseverancia del personaje por alcanzar un deseo y en la presentación estética de una gran calidad.,Pío Baroja/// Barajas Gloria Fuertes/// Ana María Matute/// Luis Rosales/// Benito Pérez Galdós/// Iván de Vargas/// Mario Vargas Llosa/// Pedro Salinas/// Francisco Ibáñez/// José Luis Sampedro/// La Elipa/// Pablo Neruda/// Rafael Alberti/// Antonio Mingote/// Ángel González/// Miguel Delibes/// Moratalaz/// Miguel Hernández/// Pozo del Tio Raimundo/// Vallecas/// Paco Rabal/// Eugenio Trías/// Elena Fortún/// Buenavista/// Canillejas/// Manuel Vázquez Montalbán/// María Zambrano/// Gabriel García Márquez/// José Hierro (Usera)/// Francisco Ayala/// Vicálvaro/// Gerardo Diego/// Luis Martín-Santos/// María Moliner
7/14/2020 22:22:08,Pre-reader,22,Kivitán,Jucker/// Sita,Jucker/// Sita,SM,Madrid,2006,No,Game-Book/// Narrative,Libros-juego/// Adivinanzas/// Rimas,8434813017,Se reedita Kivitán que formó parte de una estupenda colección de álbumes de los años 80/// publicada también por SM/// llamada La Torre y la estrella.  Este álbum es un libro-juego que/// a partir de un sencillo texto rimado/// lanza una pregunta al lector que debe encontrar lo que se ha perdido entre los trazos de la ilustración.  Si resulta un libro para observar también lo es para disfrutar con sus ilustraciones de carácter pictórico y muy poéticas.  Es un libro muy adecuado para compartir.  Mientras un lector experimentado lee el texto/// el pequeño debe buscar lo que la rima le pide.,Pío Baroja/// Ana María Matute/// Luis Rosales/// Iván de Vargas/// Mario Vargas Llosa/// Pedro Salinas/// Francisco Ibáñez/// Dámaso Alonso/// La Elipa/// Pablo Neruda/// Huerta de la Salud/// Ángel González/// Portazgo/// Eugenio Trías/// José Hierro (San Blas)/// San Blas/// Manuel Vázquez Montalbán/// Francisco Ayala
7/14/2020 22:30:31,Pre-reader,22,La siesta de Papá Elefante,Keselman/// Gabriela,Bielinsky/// Claudia,Alfaguara,Madrid,2006,Yes,Picture Book,Elefantes/// Animales humanizados,842046967X,Un ruidosa y agitada familia impide a Papá Elefante dormir su siesta.  La búsqueda de soluciones del protagonista hace que el lector siga la pequeña historia hasta el divertido y sorprendente final.  Unas alegres ilustraciones llenas de color/// cercanas al cómic/// muestran graciosas escenas de esta familia de elefantes que sufre las dificultades propias de la convivencia cotidiana.  Pero/// además/// nos encontramos ante una familia con los roles nada estereotipados: una mamá que clava una estantería en la pared/// o toda una familia que disfruta leyendo/// pintando y tocando la trompeta.  Es interesante cómo/// de una forma aparentamente ingenua pero intencionada/// autora e ilustradora muestran una realidad cotidiana enriquecedora para los pequeños lectores.,Ana María Matute/// Luis Rosales/// Benito Pérez Galdós/// Mario Vargas Llosa/// Pedro Salinas/// Francisco Ibáñez/// Dámaso Alonso/// José Luis Sampedro/// Ciudad Lineal/// La Elipa/// Pablo Neruda/// José Saramago/// Rafael Alberti/// Huerta de la Salud/// Aluche/// Antonio Mingote/// Ángel González/// Miguel Delibes/// Miguel Hernández/// Portazgo/// Pozo del Tio Raimundo/// Vallecas/// Paco Rabal/// Eugenio Trías/// Elena Fortún/// Buenavista/// Canillejas/// José Hierro (San Blas)/// San Blas/// Manuel Vázquez Montalbán/// Gabriel García Márquez/// José Hierro (Usera)/// Francisco Ayala/// Vicálvaro/// Gerardo Diego/// Luis Martín-Santos/// María Moliner
7/14/2020 23:19:49,Pre-reader,22,Burrito y el regalo,Kromhout/// Rindert,Haeringen/// Annemarie van,Ekaré,Venezuela,2006,No,Picture Book,Amistad/// Animales humanizados,980257323,Este libro se presenta con la sencillez narrativa y la capacidad de penetrar en los sentimientos de la infancia que tienen algunos autores clásicos de literatura infantil como Janosch o Lobel.  En pocas líneas de texto y de trazos escuetos/// el lector podrá empatizar con los sentimientos que aquí se expresan que no son otros que el egoísmo y la necesidad de retener lo que uno considera propio/// pero también la generosidad y la amistad.  Burrito compra un regalo para un amigo/// pero el regalo le gusta tanto que no quiere entregarlo.  Compartir el juego y el regalo puede ser una buena idea.  La mamá le ayudará a entenderlo.,Ana María Matute/// Luis Rosales/// Benito Pérez Galdós/// Iván de Vargas/// Mario Vargas Llosa/// Francisco Ibáñez/// Dámaso Alonso/// Ciudad Lineal/// La Elipa/// Pablo Neruda/// Rafael Alberti/// Huerta de la Salud/// Aluche/// Antonio Mingote/// Miguel Delibes/// Miguel Hernández/// Pozo del Tio Raimundo/// Paco Rabal/// Eugenio Trías/// Elena Fortún/// Buenavista/// Manuel Vázquez Montalbán/// María Zambrano/// Gabriel García Márquez/// José Hierro (Usera)/// Vicálvaro/// Gerardo Diego/// Luis Martín-Santos/// María Moliner
7/14/2020 23:46:03,Pre-reader,22,Un lío de cordones,Kulot/// Daniela,Kulot/// Daniela,Faktoría K de libros,Vigo,2006,No,Picture Book,Superación,9788493464172,¡Qué ilusión le hace a Laura el regalo que su madre le da envuelto en una bonita caja!  Pero cuando la abre y ve que son unos zapatos/// ya no se siente tan contenta porque los zapatos tienen cordones ¡y ella no sabe abrochárselos!  Así que/// con disimulo/// sube la caja al desván para esconderla y allí ve que otras cajas iguales tienen una cuerda.  Para que no se note/// coge un cordón y ata la caja ante la mirada de su madre que le hace ver que sí sabe hacer lazos.  Una historia sencilla que Kulot ilustra sin pretensiones/// para que los más pequeños reconozcan una situación/// sin duda/// familiar.,Luis Rosales/// Pedro Salinas/// José Luis Sampedro/// Rafael Alberti/// Antonio Mingote/// Moratalaz/// Miguel Hernández/// Elena Fortún/// José Hierro (Usera)/// Luis Martín-Santos/// María Moliner
7/15/2020 10:40:49,Pre-reader,22,Con el dedo en la nariz,Kulot-Frisch/// Daniela,Kulot-Frisch/// Daniela,Faktoría K de Libros,Vigo,2006,No,Picture Book,Animales humanizados/// Vida cotidiana,849347133,A Elefante/// Ratita y Ranita les encanta hurgarse en la nariz... pero sus padres les explican que no se puede hacer porque ¡las consecuencias podrían llegar a ser realmente desastrosas!  Por suerte están los abuelos/// cuya experiencia lo relativiza todo.  Graciosa y muy original propuesta de Daniela Kulot que con tono ligero subvierte una de las primerísima reglas que todo niño bien educado tiene que conocer y que muestra el lado juguetón de la edad madura.  El libro/// en cartoné y de gran tamaño/// se compone de un texto muy sencillo y una ilustración con colores saturados.  Puede convertirse en una divertida herramienta para que padres e hijos disfruten juntos de una historia muy poco convencional.,Pío Baroja/// Luis Rosales/// Pedro Salinas/// Francisco Ibáñez/// José Luis Sampedro/// Ciudad Lineal/// La Elipa/// Rafael Alberti/// Antonio Mingote/// Miguel Delibes/// Moratalaz/// Miguel Hernández/// Pozo del Tio Raimundo/// Vallecas/// Paco Rabal/// Elena Fortún/// Buenavista/// Canillejas/// Manuel Vázquez Montalbán/// María Zambrano/// Gabriel García Márquez/// José Hierro (Usera)/// Gerardo Diego/// Luis Martín-Santos/// María Moliner
7/15/2020 11:04:00,Pre-reader,22,Panocha ¡Buenas noches!,Lévy/// Didier,Deneux/// Xavier,Edebé,Barcelona,2006,No,Picture Book,Vida cotidiana,9788423680818,Panocha puede llegar a convertirse en un protagonista muy conocido por los lectores má pequeños.  Resultará muy fácil identificarse con él puesto que hace las mismas cosas que podrían hacer niños de esta edad y su familia también es como la de muchos.  Pero lo más interesante de estos libros es que siempre guardan una sorpresa saliéndose de los cauces habituales por donde este tipo de libros sobre las actividades cotidianas suelen transcurrir.  En este caso será Panocha el que duerma a su mamá una noche de calor contándole un cuento.  El papel plastificado de las páginas asegura la limieza y la manejabilidad de estos libros.,Pío Baroja/// Ana María Matute/// Luis Rosales/// Iván de Vargas/// Mario Vargas Llosa/// Dámaso Alonso/// Ciudad Lineal/// La Elipa/// Pablo Neruda/// Ángel González/// Miguel Delibes/// Portazgo/// Pozo del Tio Raimundo/// Eugenio Trías/// Buenavista/// Manuel Vázquez Montalbán/// María Zambrano/// Gabriel García Márquez/// Vicálvaro
7/15/2020 11:17:01,Pre-reader,22,Es la hora de dormir,Lodge/// Jo,Lodge/// Jo,Bruño,Madrid,2006,Yes,Picture Book/// Narrative,Vida cotidiana/// Animales humanizados,9788421695876,Este cuento de pequeño formato troquelado trata el momento de irse a la cama.  Llega la hora de acostarse/// pero antes el personaje de esta historia/// un perro humanizado/// cuenta lo que hace: cenar/// lavarse la cara/// cepillarse los dientes/// leer un cuento y después de todo esto/// por fin se mete en la cama a dormir.  Un libro pensado para los más pequeños/// en el que a través de una peripecia muy sencilla el niño podrá sentirse identificado con las acciones cotidianas que realiza el perro.  En cada doble página se despliega el personaje realizando algo/// el movimiento y las onomatopeyas atraerán al niño,Luis Rosales
7/15/2020 11:25:24,Pre-reader,22,La manzana y la mariposa,Mari/// Iela; Mari/// Enzo,Mari/// Iela; Mari/// Enzo,Kalandraka,Sevilla,2006,Yes,Picture Book,Naturaleza,9788496388406,Esta joya de libro sin palabras es la puesta en valor del espacio en blanco en un álbum infantil.  La posibilidad de narrar no reside en la abundancia de detalles o colores brillantes sino en una secuenciación ajustada a los tiempos/// en los silencios y en el respeto a los espacios para que la mirada transite de una ilustración a otra.  Con cuatro colores: verde/// rojo/// marrón y negro los ilustradores componen un marco de naturaleza donde un gusano que sale de una manzana se convierte en mariposa para reiniciar el ciclo.  La capacidad de síntesis no está exenta de poesía y aunque el libro puede estar dirigido a los más pequeños por la facilidad para seguir una historia/// los mayores la disfrutarán por su calidad gráfica.,José Luis Sampedro/// Rafael Alberti/// Antonio Mingote/// Paco Rabal/// José Hierro (Usera)/// María Moliner
7/15/2020 11:35:50,Pre-reader,22,Las tres hijas,Martos/// Fernando,Thomassen/// Helle,Kalandraka,Sevilla,2006,Yes,Picture Book,Cuentos populares,9788496388116,"""Este era un rey que tenía tres hijas/// las metió en tres botijas...""  Fernando Martos nos hace una nueva propuesta para este cuento popular/// repite la historia tres veces y las princesas son rescatadas por tres hermanos: un leñador/// un pastor y un poeta.  Pero cada vez que son salvadas/// son de nuevo arrojadas al río.  Cada uno de los personajes da respuesta al problema/// pero sólo el poeta encuentra una nueva clave/// un nuevo final para el cuento.  La propuesta plástica corre a cargo de Helle Tomasen con ilustraciones pictóricas/// broncas/// ásperas/// sin detalle/// feístas y poco atractivas.  Kalandraka/// en su coleccíon Libros para soñar/// nos tiene acostumbrados a este tipo de ofertas: historias populares versionadas o cuentos orales/// con ilustraciones coloristas y con texturas/// a veces con más acierto que otras.",Pío Baroja/// Ana María Matute/// Luis Rosales/// Benito Pérez Galdós/// Iván de Vargas/// Mario Vargas Llosa/// Pedro Salinas/// Francisco Ibáñez/// Dámaso Alonso/// José Luis Sampedro/// Ciudad Lineal/// La Elipa/// Pablo Neruda/// Rafael Alberti/// Huerta de la Salud/// Aluche/// Antonio Mingote/// Ángel González/// Miguel Delibes/// Moratalaz/// Miguel Hernández/// Portazgo/// Pozo del Tio Raimundo/// Eugenio Trías/// Elena Fortún/// Buenavista/// Canillejas/// José Hierro (San Blas)/// San Blas/// Manuel Vázquez Montalbán/// María Zambrano/// Gabriel García Márquez/// José Hierro (Usera)/// Francisco Ayala/// Vicálvaro/// Gerardo Diego/// Luis Martín-Santos/// María Moliner
7/15/2020 12:01:08,Pre-reader,22,Elmer y Wilbur,Mckee/// David,Mckee/// David,Beascoa,Barcelona,2006,Yes,Picture Book/// Narrative,Elefantes,9788448823306,Elmer/// el elefante multicolor/// ya se ha ganado un espacio importante en la vida de los ni;os y ni;as a trav'es de sus m'ultiples aventuras.  Esta vez deber'a encontrar a su inquieto primo Wilbur.  El recorrido hasta encontrarlo no resultar'a f'acil y del mismo participar'an otros animales como colaboradores.  Complicidad/// sentido de grupo y perseverancia en la b'usqueda/// tanto de Elmer como de sus compañeros elefantes con quienes lleva a cabo la tarea/// dan fuerza a la historia.  El formato cuadrado que caracteriza al libro facilita su uso.,Pío Baroja/// Ana María Matute/// Benito Pérez Galdós/// Iván de Vargas/// Mario Vargas Llosa/// Francisco Ibáñez/// José Luis Sampedro/// Ciudad Lineal/// La Elipa/// Pablo Neruda/// José Saramago/// Rafael Alberti/// Huerta de la Salud/// María Lejárraga/// Aluche/// Miguel Delibes/// Moratalaz/// Miguel Hernández/// Portazgo/// Pozo del Tio Raimundo/// Vallecas/// Paco Rabal/// Eugenio Trías/// Buenavista/// Canillejas/// José Hierro (San Blas)/// San Blas/// Manuel Vázquez Montalbán/// María Zambrano/// Gabriel García Márquez/// José Hierro (Usera)/// Francisco Ayala/// Vicálvaro/// Gerardo Diego/// Luis Martín-Santos/// María Moliner
7/15/2020 12:10:02,Pre-reader,22,Corre corre/// calabaza,Mejuto/// Eva,Letria/// André,OQO,Pontevedra,2006,Yes,Picture Book/// Narrative,Cuentos populares,9788498715378,Este cuento sigue la estructura de los cuentos populares en los que el protagonista sale de viaje y tiene que afrontar por el camino una serie de dificultades y trabas que otros personajes le plantean.  Aquí se trata de unos animales hambrientos que quieren devorar a una pobre abuelita que acude a una boda.  Con un esquema siempre repetido/// a modo de estribillo/// la abuela disuade a los devoradores y a la vuelta de la boda planificará un engaño para pasar inadvertida ante los mismos animales.  El cuento/// muy adecuado para primeras edades crea una tensión a partir de la repetición de frases idénticas y del esquema narrativor circular.,Pío Baroja/// Ana María Matute/// Luis Rosales/// Benito Pérez Galdós/// Iván de Vargas/// Mario Vargas Llosa/// Pedro Salinas/// Francisco Ibáñez/// Dámaso Alonso/// José Luis Sampedro/// Ciudad Lineal/// La Elipa/// Pablo Neruda/// José Saramago/// Rafael Alberti/// Huerta de la Salud/// María Lejárraga/// Aluche/// Antonio Mingote/// Ángel González/// Miguel Delibes/// Moratalaz/// Miguel Hernández/// Portazgo/// Pozo del Tio Raimundo/// Vallecas/// Eugenio Trías/// Elena Fortún/// Buenavista/// Canillejas/// José Hierro (San Blas)/// San Blas/// Manuel Vázquez Montalbán/// María Zambrano/// Gabriel García Márquez/// José Hierro (Usera)/// Francisco Ayala/// Vicálvaro/// Gerardo Diego/// Luis Martín-Santos/// María Moliner
7/15/2020 21:53:00,Pre-reader,22,Imagina,Messenger/// Norman,Messenger/// Norman,SM,Madrid,2005,No,Game-Book,Pasatiempos,9788434844308,El reconocido ilustrador inglés Norman Messenger nos invita/// a través de unas atractivas y coloridas imágenes/// a imaginar una silla sin patas/// un reloj sin manecillas/// un árbol sin un tronco/// un beso sin una boca/// una bicicleta con las ruedas cuadradas.  ¡Un mundo donde todo puede ser posible!  Acompaña a cada ilustración una oportuna reflexión y una original pregunta para continuar imaginando.  Encontramos también pestañas para levantar y crear nuevos objetos/// una rueda que al moverla da lugar a diversas imágenes/// juegos de búsqueda.  En cada margen superior de las páginas/// hallamos en formato pequeño: juegos/// acertijos/// formas para armar.  En suma/// un sinfín de propuestas que permiten/// para quien acepte el desafío/// poner a prueba la imaginación y así salir de la rutina diaria/// eliminar las ideas preconcebidas y descubrir lugares mágicos,Pío Baroja/// Ana María Matute/// Luis Rosales/// Iván de Vargas/// Pedro Salinas/// Francisco Ibáñez/// Ciudad Lineal/// La Elipa/// Pablo Neruda/// Rafael Alberti/// Huerta de la Salud/// Aluche/// Antonio Mingote/// Ángel González/// Miguel Delibes/// Moratalaz/// Miguel Hernández/// Portazgo/// Pozo del Tio Raimundo/// Vallecas/// Paco Rabal/// Buenavista/// Canillejas/// José Hierro (San Blas)/// San Blas/// Manuel Vázquez Montalbán/// María Zambrano/// Gabriel García Márquez/// José Hierro (Usera)/// Francisco Ayala/// Vicálvaro/// Gerardo Diego/// Luis Martín-Santos
7/15/2020 22:10:44,Pre-reader,22,Arrullos y caricias,Nava/// Emanuela,Re/// Giulia,Anaya,Madrid,2006,Yes,Picture Book,Amistad/// Animales del bosque,9788466751995,"¡Qué sueños más bonitos puedes tener cuando te acuestas y alguien te mima!  Después de un día de mucho sol y muchos juegos los animalitos del bosque tienen que ir a dormir.  Pero ""hay gruñidos y gemidos.  ¿Por qué no duermen?"" Ningún problema: Pedro conejo cuidará de todos sus amigos para que descansen tranquilitos.  ¡Aunque le toque estar despierto más de lo que había imaginado!  Emanuela Nava escribe una historia sencilla y muy tierna donde un abrazo o una historia contada antes de dormir lo solucionan todo.  El álbum/// en cartoné y de tamaño apto para los más pequeños/// se ambienta en el bosque/// lugar mágico y misterioso que la escritora aprecia especialmente: ella misma afirma tener un enlace muy fuerte con la naturaleza/// sin el que nunca hubiera podido escribir nada.",Luis Rosales/// Pedro Salinas/// Rafael Alberti/// Antonio Mingote/// Elena Fortún/// José Hierro (Usera)/// Luis Martín-Santos/// María Moliner
7/15/2020 22:24:15,Pre-reader,22,El sombrero volador,Nesquens/// Daniel,Arguilé/// Elisa,Dandelión,Madrid,2006,Yes,Narrative,Humor/// Sombreros,9788496568136,"Con unas atrevidas ilustraciones con aire pop y manejando una gama muy limitada de tonos que muchos calificarían como ""oscuros"" y ""poco infantiles"" Elisa Arguilé y Nesquens se plantean un relato muy sencillo para niños pequeños.  Su estructura es muy simple.  Un sombrero que llevaba puesto un ""señor hombre"" sale volando y se cae a un charco.  El hombre intenta rescatarlo y varios animales/// también.  Pero no es posible.  El sombrero volverá a la cabeza del señor y no ha sido magia.  Con estos mimbres tan sencillos la historia rezuma misterio/// gracia y sorpresa.  Esto es porque sabemos que en la literatura no importa lo que se cuenta sino cómo se cuenta.",Ana María Matute/// Luis Rosales/// Benito Pérez Galdós/// Iván de Vargas/// Mario Vargas Llosa/// Dámaso Alonso/// Pablo Neruda/// Rafael Alberti/// Huerta de la Salud/// María Lejárraga/// Aluche/// Antonio Mingote/// Ángel González/// Miguel Hernández/// Pozo del Tio Raimundo/// Eugenio Trías/// María Zambrano/// Gabriel García Márquez/// José Hierro (Usera)/// Vicálvaro/// Gerardo Diego/// María Moliner
7/16/2020 18:22:02,Pre-reader,22,Chocolata,Núñez/// Marisa,Bansch/// Helga,OQO,Pontevedra,2006,Yes,Narrative,Hipopótamos/// Animales humanizados,9788498714845,La ilustración convierte a este libro en un álbum estupendo.  Lo dota de fuerza de sentido del humor/// de ironía y de poesía.  La hipopótama Chocolata decide irse a la ciudad a tomar unos baños y allí deberá acomodarse a la vida urbana comportándose como lo haría cualquier ser humano: comprar ropa/// zapatos/// comer en un restaurante... Este juego de ajustarse a la vida de los humanos/// que la ilustración lo recoge desde el humor/// resultará muy divertido para los pequeños lectores.  Una historia paralela tiene lugar solo en la ilustración lo que permitirá a los niños jugar a observar y a inventar lo que no está escrito.,Pío Baroja/// Ana María Matute/// Luis Rosales/// Benito Pérez Galdós/// Iván de Vargas/// Mario Vargas Llosa/// Francisco Ibáñez/// José Luis Sampedro/// Ciudad Lineal/// La Elipa/// Pablo Neruda/// José Saramago/// Rafael Alberti/// Huerta de la Salud/// María Lejárraga/// Aluche/// Antonio Mingote/// Ángel González/// Miguel Delibes/// Miguel Hernández/// Portazgo/// Pozo del Tio Raimundo/// Vallecas/// Eugenio Trías/// Elena Fortún/// Buenavista/// Canillejas/// José Hierro (San Blas)/// San Blas/// Manuel Vázquez Montalbán/// María Zambrano/// Gabriel García Márquez/// José Hierro (Usera)/// Francisco Ayala/// Vicálvaro/// Gerardo Diego/// Luis Martín-Santos/// María Moliner
7/16/2020 18:32:41,Pre-reader,22,Cocorico,Núñez/// Marisa,Bansch/// Helga,OQO,Pontevedra,2006,Yes,Picture Book,Cuentos populares/// Pollos,9788498711578,"Cocorico es un pollito bueno que un día sale a buscar leña para que su madre le hornee un bizcocho de chocolate.  Por el camino se encuentra a un gato y/// para que no se lo coma/// le promete medio bizcocho.  Pero su promesa se le olvida/// se come todo el pastel solito y...¿qué pasa?  ""Que va a venir Gato Pelado y te va a comer de un bocado"".  Menos mal que su mamá le ayudará y Cocorico aprenderá la lección.  Un cuento popular birmano sirve de inspiración para esta versión libre que respeta la encadenación y unos pareados que serán del agrado de los más pequeños/// quienes disfrutarán con el engaño del pequeño y su triunfo sobre el más fuerte.",Pío Baroja/// Ana María Matute/// Benito Pérez Galdós/// Iván de Vargas/// Mario Vargas Llosa/// Pedro Salinas/// Francisco Ibáñez/// Dámaso Alonso/// José Luis Sampedro/// Ciudad Lineal/// La Elipa/// Pablo Neruda/// José Saramago/// Huerta de la Salud/// María Lejárraga/// Aluche/// Antonio Mingote/// Ángel González/// Miguel Delibes/// Moratalaz/// Miguel Hernández/// Portazgo/// Pozo del Tio Raimundo/// Vallecas/// Paco Rabal/// Eugenio Trías/// Buenavista/// Canillejas/// San Blas/// Manuel Vázquez Montalbán/// María Zambrano/// Gabriel García Márquez/// José Hierro (Usera)/// Francisco Ayala/// Vicálvaro/// Gerardo Diego/// Luis Martín-Santos/// María Moliner
7/16/2020 18:45:17,Pre-reader,22,Niños valientes,Olten/// Manuela,Olten/// Manuela,Serres,México,2005,No,Picture Book/// Narrative,Machismo/// Miedos infantiles,9789709705102,"Dos niños que presumen de su valentía frente a las costumbres de las niñas.  Se ríen y divierten a partir de sus ideas y comparaciones: siempre están peinando a sus muñecas/// les ponen ropa y se las quitan/// se llevan sus peluches a la cama... Hasta que llega la noche/// y entre comentarios/// se descubren con miedo y recurren a los mismos objetos que criticaban en las niñas.  La ilustración final cierra el tema de un modo impecable.  Un álbum que aborda de forma divertida el tema de las diferencias entre niños y niñas.  Una sencilla historia que gustará y ayudará a pensar a todos y a todas acerca de las ""aparentes"" diferencias.  La autora alemana Manuela Olten recibió varios premios por esta original obra.",Luis Rosales/// Pedro Salinas/// José Luis Sampedro/// Rafael Alberti/// Antonio Mingote/// Moratalaz/// Miguel Hernández/// Elena Fortún/// José Hierro (Usera)/// Luis Martín-Santos/// María Moliner
7/16/2020 19:00:38,Pre-reader,22,La princesa de Trujillo,Patacrúa,Solchaga/// Javier,OQO,Pontevedra,2006,Yes,Picture Book,Princesas,9788496573451,Álbum en el que se cuenta la historia de una princesa que sigue un entretenido periplo para encontrar su anillo perdido.  Rusulta muy divertido y motivador el recurso literario que se utiliza en el relato/// de estructura acumulativa/// que da ritmo al texto.  Las ilustraciones/// toda una creación a partir de personajes hechos en madera y fotofrafiados a través de una lograda técnica/// resultan muy atractivos.  El conjunto formado por el texto y las imágenes hace de este libro un divertido entretenimiento para los más pequeños.  Una cuidada edición completa la gracia de esta versión de un cuento popular europeo.,Pío Baroja/// Ana María Matute/// Luis Rosales/// Benito Pérez Galdós/// Iván de Vargas/// Mario Vargas Llosa/// Pedro Salinas/// Francisco Ibáñez/// Dámaso Alonso/// José Luis Sampedro/// Ciudad Lineal/// La Elipa/// Pablo Neruda/// Rafael Alberti/// Huerta de la Salud/// María Lejárraga/// Aluche/// Antonio Mingote/// Ángel González/// Miguel Delibes/// Moratalaz/// Miguel Hernández/// Portazgo/// Pozo del Tio Raimundo/// Paco Rabal/// Eugenio Trías/// Elena Fortún/// Buenavista/// Canillejas/// José Hierro (San Blas)/// San Blas/// Manuel Vázquez Montalbán/// María Zambrano/// Gabriel García Márquez/// José Hierro (Usera)/// Vicálvaro/// Gerardo Diego/// Luis Martín-Santos/// María Moliner
7/16/2020 19:10:58,Pre-reader,22,Números: solapas divertidas con Tino/// el minino,Pelham/// David,Pelham/// David,Combel,Barcelona,2006,No,Game-Book,Números,9788498250466,Este sorprendente pop-up/// en la misma línea de otros títulos que el autor publica en esta editorial/// propone aprender a contar hasta 10/// buscando a 10 divertidos ratones que juegan a sorprender a un gato.  Pero estos ratones se despliegan en nuestra página convirtiendo los plegados del papel y las pestañas que ocultan sorpresas en un objeto artístico lleno de gracia e ingenio.  El libro es delicado para primeras edades/// aunque es resistente y sin duda quienes más lo disfrutarán serán los que aprecien la delicadeza con la que está resuelto.,
7/16/2020 19:29:21,Pre-reader,22,Topi y Popi/// una colina o un hoyo,Pfister/// Marcus,,Alberdania,Irún,2006,No,Picture Book,Amistad/// Topos,9788496310919,Los dos pequeños topos no se ponen de acuerdo: uno quiere cavar para descansar bajo tierra y el otro prefiere hacer una montaña para ver mundo/// hasta que/// después de dar muchas vueltas/// descubren que las dos tareas son complementarias y compatibles.  Una simpática escena cotidiana protagonizada por estos dos personajes que resultan entrañables/// inmersos en un espacio natural al que el ilustrador se acerca/// permitiendo ver con detalle el mundo misterioso de estos pequeños animales.,Pío Baroja/// Ana María Matute/// Luis Rosales/// Benito Pérez Galdós/// Iván de Vargas/// Mario Vargas Llosa/// Pedro Salinas/// Francisco Ibáñez/// Dámaso Alonso/// José Luis Sampedro/// Ciudad Lineal/// La Elipa/// Pablo Neruda/// Rafael Alberti/// María Lejárraga/// Aluche/// Antonio Mingote/// Ángel González/// Miguel Delibes/// Miguel Hernández/// Portazgo/// Pozo del Tio Raimundo/// Eugenio Trías/// Elena Fortún/// Buenavista/// Canillejas/// José Hierro (San Blas)/// San Blas/// Manuel Vázquez Montalbán/// Gabriel García Márquez/// José Hierro (Usera)/// Francisco Ayala/// Vicálvaro/// Gerardo Diego/// Luis Martín-Santos
7/24/2020 22:49:46,Pre-reader,22,Tú ¿cómo estás?,"Pla, Imma","Pla, Imma",Brosquil Libros del Zorro Rojo,Valencia Barcelona,2006,No,Picture Book,Emociones y sentimientos,9788497952194,"Tú ¿cómo estás? es un álbum con un sencillo planteamiento: a la izquierda el texto y a la derecha la ilustración.  Ambos están conectados por los juegos tipográficos.  ""Marta está contenta"" y la vemos en la ilustración saludando, mientras la tipografiía se curva formando una sonrisa.  Otro ejemplo: ""Rocío está triste"" y las letras se alargan para ilustrar las lágrimas.  La propuesta plástica de Inma Pla es sencilla y convence con sus recursos.  El texto está muy trabajado buscando ilustrar los diferentes estados de ánimo que propone.  Y la ilustración de trazo grueso simplifica las formas para mostrar, sin efectismos, lo mismo que el texto.  Estos recursos han sido muy utilizados en los álbumes, con más o menos acierto, y encuentran su referente cercano en El regalo con ilustraciones de Pep Montserrat.  En apenas dieciséis páginas de cartoné realiza un recorrido por algunos sentimientos y se permite el lujo de un guiño final.  Si la pregunta es: ""tú ¿cómo estás?""; la respuesta es clara...",
7/24/2020 22:59:30,Pre-reader,22,Bola de manteca,"Presunto, Ana","Suárez, Iván",Oqo,Pontevedra,2006,Yes,Picture Book,"Cuentos populares, Humor",9788496573482,"Adaptación de un cuento tradicional noruego en el que se narran las peripecias que debe sortear un niño que vive con su madre frente a una bruja que no cesa de intentar cocinarlo.  La estructura narrativa responde a las características del cuento tradicional.  Las ilustraciones llaman la atención por su estilo no convencional, en las que se exageran los gestos y proporciones de los personajes, e inciden en los aspectos más humorísticos del relato.  Una historia sin altibajos en la que las ilustraciones son protagonistas.","Pío Baroja, Ana María Matute, Luis Rosales, Benito Pérez Galdós, Iván de Vargas, Mario Vargas Llosa, Pedro Salinas, Francisco Ibáñez, Dámaso Alonso, José Luis Sampedro, Ciudad Lineal, La Elipa, Pablo Neruda, Rafael Alberti, Huerta de la Salud, María Lejárraga, Aluche, Antonio Mingote, Ángel González, Miguel Delibes, Moratalaz, Miguel Hernández, Portazgo, Pozo del Tio Raimundo, Eugenio Trías, Elena Fortún, Buenavista, Canillejas, José Hierro (San Blas), María Zambrano, Gabriel García Márquez, José Hierro (Usera), Vicálvaro, Gerardo Diego, Luis Martín-Santos, María Moliner"
7/24/2020 23:09:42,Pre-reader,22,El pequeño 1,"Rand, Ann","Rand, Paul",Barbara Fiore,Cádiz,2006,No,"Picture Book, Poetry",Números,9788493481124,"Son multitud los libros que juegan con los números en sus textos para cumplir esa función que se sigue reclamando a los libros infantiles y que tiene que ver con ""deleitar enseñando"".  En este caso lo singular recae en la propuesta plástica que resulta de una sencillez extrema jugando con líneas negras y masas de color que se superponen, o al contrario, masas de color y sobre ellas una línea que las delimita.  El protagonista es el número 1 que provisto de sombrerito y corbata, está dicidido a encontrar otros números con los que juntarse y pasarlo bien.  A lo largo de su paseo no lo consigue, hasta que encuentra al 0 y claro, necesariamente su vida cambia para bien.  El libro fue publicado por primera vez en 1961 y es una lección de modernidad sin pretensiones.","Ana María Matute, Luis Rosales, Benito Pérez Galdós, Iván de Vargas, Mario Vargas Llosa, Francisco Ibáñez, Dámaso Alonso, José Luis Sampedro, Ciudad Lineal, La Elipa, Pablo Neruda, Huerta de la Salud, Antonio Mingote, Ángel González, Miguel Delibes, Miguel Hernández, Portazgo, Pozo del Tio Raimundo, Eugenio Trías, Elena Fortún, Buenavista, José Hierro (San Blas), San Blas, Manuel Vázquez Montalbán, María Zambrano, Gabriel García Márquez, José Hierro (Usera), Vicálvaro, Gerardo Diego, Luis Martín-Santos, María Moliner"
7/24/2020 23:19:35,Pre-reader,22,Leos,"Reynolds, Peter H.","Reynolds, Peter H.",RBA Serres,Barcelona,2006,No,Picture Book,"Trabajo, Tiempo libre",9788478716531,"Leo está demasiado ocupado para hacer tantas cosas él solo.  Necesita ayuda urgentemente y, de una forma sorprendente y humorística, sufre un auténtico desdoblamiento de personalidad: uno a uno, van apareciendo sus otros yo que solventan las tareas pendientes, pero a su vez crean más trabajo.  Una rueda sin fin que pone en evidencia el sinsentido que supone trabajar sin parar y no tener tiempo ni para soñar.  Dirigido a niños, sin embargo parece un mensaje para los adultos, pues los pequeños tienen una gran capacidad de lógica que les impide llegar a ese extremo.  Un libro para compartir, niño y adulto, para hablar de lo que nos gusta hacer y para disfrutar de las simpáticas ilustraciones que llenan las páginas de personajes repetidos muy ocupados.","Pío Baroja, Ana María Matute, Luis Rosales, Benito Pérez Galdós, Iván de Vargas, Mario Vargas Llosa, Pedro Salinas, Francisco Ibáñez, Dámaso Alonso, Ciudad Lineal, La Elipa, Pablo Neruda, Rafael Alberti, Huerta de la Salud, Aluche, Antonio Mingote, Ángel González, Miguel Delibes, Miguel Hernández, Portazgo, Pozo del Tio Raimundo, Eugenio Trías, Elena Fortún, Canillejas, José Hierro (San Blas), San Blas, Manuel Vázquez Montalbán, María Zambrano, Gabriel García Márquez, José Hierro (Usera), Francisco Ayala, Gerardo Diego, Luis Martín-Santos, María Moliner"
7/24/2020 23:40:06,Pre-reader,22,Hugo va de pesca,Romeu,Romeu,Alfaguara,Madrid,2006,No,Picture Book,"Pesca, Amor a los animales",9788420469829,"Romeu es un historietista de humor gráfico que ha publicado sus tiras cómicas en las mejores revistas y periódicos.  Ésta es su primera incursión en la literatura infantil creando a Hugo que, como Miguelito, se convertirá, sis duda, en un clásico.  Hugo decide ir a pescar, para ello necesita su caña, su cesta, un cubo... y un bocadillo.  Para poder pescar necesita el cebo, un gusano.  Y lo encuentra, pero le da pena y lo suelta, para eso tiene el bocadillo y una parte le servirá como cebo.  El respeto por los animales le hace soltar la primera presa, un pequeño pez, y esto le traerá suerte y cambiará el rumbo de la historia de Hugo, que tomando algún personaje de la cuentística popular consigue cerrar esta historia para los jóvenes lectores.  Las ilustraciones están más elaboradas que las viñetas gráficas de la prensa.  Son ilustraciones a sangre con trazo ágil y recursos del cómic humorístico.  Como Miguelito, personaje con infinidad de viñetas en EL PAÍS, de ácida crítica política, Hugo es apenas sugerido con cuatro trazos coloreados con acuarela.","Luis Rosales, Pedro Salinas, José Luis Sampedro, Rafael Alberti, Antonio Mingote, Moratalaz, Miguel Hernández, Paco Rabal, Elena Fortún, José Hierro (Usera), Luis Martín-Santos, María Moliner"
7/24/2020 23:57:56,Pre-reader,22,El pollito de la avellaneda,"Rubio, Antonio","Pacheco, Gabriel",Kalandraka,Sevilla,2006,Yes,Picture Book,"Cuentos populares, Rimas",9788496388123,"Adaptación de un cuento popular originario de Cuenca.  Una madre gallina que, para salvar a su pollito, deberá recurrir a la ayuda de diversos personajes.  Una historia con una estructura de cuento rimado y encadenado.  Recurso literario que despierta el interés de los pequeños y que a su vez facilita l intervención de los mismos en la historia.  El acercamiento al tema que brindan las ilustraciones, a través de un sutil sentido del humor, resulta un interesante atractivo que potencia la narración.","Pío Baroja, Ana María Matute, Benito Pérez Galdós, Iván de Vargas, Mario Vargas Llosa, Pedro Salinas, Francisco Ibáñez, Dámaso Alonso, José Luis Sampedro, Ciudad Lineal, La Elipa, Pablo Neruda, Rafael Alberti, Huerta de la Salud, Aluche, Antonio Mingote, Ángel González, Miguel Delibes, Miguel Hernández, Portazgo, Pozo del Tio Raimundo, Eugenio Trías, Elena Fortún, Buenavista, Canillejas, San Blas, Manuel Vázquez Montalbán, María Zambrano, Gabriel García Márquez, José Hierro (Usera), Vicálvaro, Gerardo Diego, Luis Martín-Santos, María Moliner"
7/25/2020 15:58:26,Pre-reader,22,Cuando deje de nevar,"Sakaï, Komako","Sakaï, Komako",Corimbo,Barcelona,2006,No,Picture Book,"Conejos, Nieve",9788484700975,"Un conejito pasa el día en casa su mamá porque ha nevado y no puede ir a colegio.  También esperan a su papá que no ha podido regresar de un viaje porque la nieve se lo ha impedido.  Lo más llamativo de libro es el ritmo de la narración que se ralentiza dejando transcurrir el tiempo lentamente mientras nieva y se hace más rápido en una corta salida a la calle ,cuando ha dejado de nevar, a disfrutar de la nieve.  Es muy notable la ilustración de esta artista japonesa, tanto en los delicados encuadres como en el uso de la textura y el color para trasmitir al lector la sensación de frío en los espacios al aire libre y de calidez en la casa.  La buena secuenciación del relato, la frase corta pero con mucho significado hacen de este álbum un libro ideal para primeros lectores.","Pío Baroja, Ana María Matute, Luis Rosales, Benito Pérez Galdós, Iván de Vargas, Mario Vargas Llosa, Pedro Salinas, Francisco Ibáñez, Dámaso Alonso, José Luis Sampedro, Ciudad Lineal, La Elipa, Pablo Neruda, José Saramago, Huerta de la Salud, Aluche, Antonio Mingote, Ángel González, Miguel Delibes, Moratalaz, Miguel Hernández, Portazgo, Pozo del Tio Raimundo, Paco Rabal, Eugenio Trías, Elena Fortún, Buenavista, Canillejas, José Hierro (San Blas), San Blas, Manuel Vázquez Montalbán, María Zambrano, Gabriel García Márquez, José Hierro (Usera), Francisco Ayala, Vicálvaro, Gerardo Diego, Luis Martín-Santos, María Moliner"
7/25/2020 16:18:02,Pre-reader,22,El monstruo de Ricardo,"San Miguel Martos, Julia","Martínez, Rocío",Kalandraka,Sevilla,2006,Yes,Picture Book,"Celos, Relaciones familiares",9788496388383,"Cuando cae la noche, el monstruo que vive en la habitación de Ricardo aparece para gastarle bromas.  El niño se ríe mucho con su amigo cuando, de repente, se abre la puerta...Aquel monstruo de la hermana de Ricardo, chupete en la boca y coletas de niña traviesa, ha venido para estropearlo todo.  Ricardo grita y los padres, alarmados, acuden; delante de sus ojos un espectáculo escalofriante: ¿qué le ha hecho el monstruo de Ricardo a su hermanita?  Divertido éste álbum que juega con la ambigüedad para tratar la dinámica de los celos entre hermanos.  La ilustración, realizada mediante collage, completa el texto gracias al contraste de colores, que destacan dos momentos emocionales muy distintos: el mundo que le pertenece a Ricardo, cálido y confortante, está dominado por el naranja mientras el azul expresa la desazón cuando irrumpe su hermana... y no siempre los padres saben ayudar a los peques en la superación de sus primeras dificultades.","Pedro Salinas, Antonio Mingote, Moratalaz, Miguel Hernández, Elena Fortún, José Hierro (Usera), Luis Martín-Santos, María Moliner"
7/29/2020 14:47:51,Pre-reader,22,Oso y su diente de leche,"San Miguel Martos, Julia","Munté Vidal, Marta",Kalandraka,Sevilla,2006,No,Picture Book,"Osos, Animales humanizados",9788496388420,"A Oso se le mueve un diente.  Espera impaciente, el momento en que el ""espíritu del bosque"" se lo lleve y le deje un sorpresa.  Cuando por fin se le cae, no consigue encontrarlo y contará con la ayuda de todos sus amigos y de una gran lupa para dar con él.  Oso entiende que el regalo ha de ser para todos.  Este libro es un producto habitual para prelectores: la calidad del diseño editorial, el formato atractivo, la ilustración afectiva, el text breve, animales protagonistas y una anécdota sencilla.  Las autoras recuperan el motivo del Ratoncito Pérez (o hada de los dientes), común al imaginario de la infancia en muchas culturas, y lo reelaboran para dar cabida a ese gesto solidario.  El resultado es bastante irregular en su propuesta visual y literaria, se insinúa una dimensión mágica del bosque, de la lupa, pero no se fragua.  Incluye una cajita para guardar dientes que el niño puede montar.","Pío Baroja, Ana María Matute, Luis Rosales, Benito Pérez Galdós, Iván de Vargas, Mario Vargas Llosa, Francisco Ibáñez, Dámaso Alonso, Ciudad Lineal, La Elipa, Pablo Neruda, Huerta de la Salud, Miguel Delibes, Pozo del Tio Raimundo, Vallecas, Eugenio Trías, Elena Fortún, Buenavista, Canillejas, Manuel Vázquez Montalbán, María Zambrano, Francisco Ayala, Vicálvaro, Gerardo Diego, Luis Martín-Santos"
7/29/2020 14:53:23,Pre-reader,22,Pasen y vean: Canciones del circo,"Schujer, Silvia","Cubillas, Roberto",Atlántida,Buenos Aires,2006,No,Picture Book,"Circo, Canciones, Humor",9789500831222,"Canciones con la temática del circo que se presentan en formato de álbum ilustrado acompañado de un CD para poder cantarlas.  Domadores y trapecistas, leones y payasos, protagonizan historias rimadas, en las que el humor absurdo tiene gran presencia.  Las ilustraciones, en colores planos, muestran a los personajes desde distintas perspectivas, siempre con el humor como ingrediente básico.  Una propuesta interesante para compartir en grupo y para que los pequeños lectores descubran que, detrás de alegres canciones llenas de ritmo, hay un trabajo de creación literaria para componer las letras, en este caso además, enriquecidas con la ilustración.","Luis Rosales, Pedro Salinas, José Luis Sampedro, Ruiz Egea, Rafael Alberti, Moratalaz, Miguel Hernández, Elena Fortún, Luis Martín-Santos, María Moliner"
7/29/2020 15:11:02,Pre-reader,22,Blanca es la mora,"Shannon, George","Dronzek, Laura",Entrelibros,Barcelona,2006,Yes,Picture Book,"Colores, Adivinanzas",9788496517134,"""Blanca es la mora cuando es demasiado tierna para ser recogida"": dos lecturas para un libro cuyo protagonista absoluto es el color, que domina tanto el texto como la ilustración.  Autor e ilustradora juegan con los colores, asociándolos a flores, animales o fenómenos atmosféricos, con los que aparentemente no tienen nada que compartir, para llegar directo al mensaje: hay que buscar el corazón de los hechos, sin dejarse llevar por las conjeturas.  A través de las imágenes los niños aprenden que el mundo que les rodea puede ser interpretado de forma diferente, dependiendo del modo de observarlo.  Los dibujos, de trazo grueso y colores vivos, ocupan gran parte de las páginas sin quitarle espacio al texto, sencillo y muy directo.","Pío Baroja, Ana María Matute, Luis Rosales, Benito Pérez Galdós, Iván de Vargas, Mario Vargas Llosa, Dámaso Alonso, José Luis Sampedro, Ciudad Lineal, Pablo Neruda, Huerta de la Salud, María Lejárraga, Aluche, Antonio Mingote, Ángel González, Miguel Hernández, Portazgo, Pozo del Tio Raimundo, Vallecas, Eugenio Trías, Elena Fortún, Buenavista, Canillejas, Manuel Vázquez Montalbán, María Zambrano, Gabriel García Márquez, José Hierro (Usera), Vicálvaro, Gerardo Diego"
7/29/2020 15:22:10,Pre-reader,22,El gran viaje de Colón,"Valverde, Mikel","Valverde, Mikel",Alfaguara,Madrid,2006,Yes,Picture Book,Cristóbal Colón,9788420469867,"Cristóbal Colón quería ser marino desde pequeño.  Cuando tuvo edad para navegar se enroló en un barco.  Con el paso del tiempo le nombraron capitán.  Un día, un marinero de Portugal, descubrió que se podía ir a China y a la India navegando desde el este, pero Colón decidió ir por el lado contrario: el Oeste.  Buscó ayuda para su aventura por distintos palacios, hasta que los Reyes Católicos le confirmaron que lo apoyarían.  Tras un tiempo de navegación, con no pocas dificultades, logra su propósito.  Descubre América, aunque Colón siempre creyó que había llegado a China.  En el texto se intercalan palabras con imágenes que reemplazan palabras.  Estas imágenes se encuentran al final del libro a modo de vocabulario para facilitar su interpretación.  Una propuesta atractiva de lectura con pictogramas que también puede realizarse entre dos personas: una lee el texto, otra las imágenes.  Las ilustraciones resultan claras y de trazo sencillo para los más pequeños.","Pío Baroja, Ana María Matute, Luis Rosales, Iván de Vargas, Pedro Salinas, Francisco Ibáñez, José Luis Sampedro, Ciudad Lineal, La Elipa, Pablo Neruda, Rafael Alberti, Huerta de la Salud, Antonio Mingote, Moratalaz, Miguel Hernández, Pozo del Tio Raimundo, Vallecas, Paco Rabal, Eugenio Trías, Elena Fortún, Buenavista, Canillejas, San Blas, Manuel Vázquez Montalbán, María Zambrano, Gabriel García Márquez, José Hierro (Usera), Francisco Ayala, Vicálvaro, Gerardo Diego, Luis Martín-Santos, María Moliner"
7/29/2020 15:35:34,Pre-reader,22,cuando sale la luna,"Ventura, Antonio","Odriozola, Elena",Thule,Barcelona,2006,No,Picture Book,"Juguetes, Noche",9788496473423,"Este álbum tiene unas características afectivas singulares: es pequeño, contiene una caja o es, más bien, una caja de juguetes de la que surgen, en la noche, los protagonistas.  Este motivo es familiar en las historias para niños desde El Cascanueces y El Rey de los ratones de Hoffman o Las Historias de Winny de Puh de Milne.  La luz de luna como protección para los niños y el reino de la noche como feudo de la fantasía nos reservan ahora tres sorpresas: un narrador que vela el sueño del niño, un texto que se desliza como una nana y una ilustración que amplia sentidos y sensaciones, con planos de color en aguada, geométricos, como los de Rothko, en contraste con los blandos fragmentos de los muñecos de tela que invaden la doble página o se segmentan en su inmenso tamaño.  Y pequeños personajes sigilosos que, entre planos de luz intensa o noche oscura, comparten su historia de amor.",Luis Martín-Santos
7/29/2020 15:47:29,Pre-reader,22,¿Dónde están los lunares?,"Warren, Celia","Haines, Genny",Texto Editores,Madrid,2006,Yes,Picture Book,"Mariquitas, Rimas",9788496500594,"Tino la mariquita cuenta sus lunares negros, uno dos,... ¡son seis!  Pero, de repente, los lunares desaparecen.  Tino empieza a buscarlos por todos los lados: a partir de este momento se enterará de que a su alrededor existen muchos objetos con puntitos negros que recuerdan sus mismos lunares.  Esta historia sencilla pretende enseñar a los más pequeños que compartimos con los demás muchas más características de lo que pensamos.  Warren juega con la oposición de términos, con rimas y un estribillo, para un texto que ocupa un espacio reducido con respecto a la ilustración francamente estereotipada.  El álbum se completa con dos pequeñas secciones: la primera, dirigida a los niños, se compone de preguntas sobre comprensión del texto y la segunda ofrece sugerencias para padres y educadores para que aprovechen el texto.","Pío Baroja, Ana María Matute, Benito Pérez Galdós, Iván de Vargas, Mario Vargas Llosa, Francisco Ibáñez, Dámaso Alonso, Ciudad Lineal, La Elipa, Pablo Neruda, Aluche, Ángel González, Pozo del Tio Raimundo, Eugenio Trías, Buenavista, Canillejas, San Blas, Manuel Vázquez Montalbán, María Zambrano, Gabriel García Márquez, Francisco Ayala, Vicálvaro, Gerardo Diego"
7/29/2020 16:13:52,Pre-reader,22,La gatita Rosalinda,"Wilkon, Piotr","Wilkon, Józef",Faktoría K de Libros,Vigo,2006,No,Narrative,"Animales humanizados, Gatos, Superación",9788493471354,"Es una buena noticia la reedición, por la editorial Faktoría K, de este álbum, editado por SM hace años y ya agotado.  La gata Rosalinda, hija de Don Casimiro y Doña Carolina, que desde su nacimiento es diferente de sus hermanos y hermanas, es la historia bien conocida de una familia acomodada y considerada socialmente, que se avergüenza de la hija que no sigue las normas y tiene aficiones artísticas, por lo que es repudiada.  Pero la protagonista, como también sucede a menudo en la vida real, vuelve después de trinfar en aquello que ha elegido por sí misma y se produce un tardío reencuentro final.  Unas ilustraciones, en las que se combinan acrílicos de colores con fuertes trazos de lápiz, se entremezclan escenas tristes, incluso de cierto dramatismo, con otras humorísticas que relajan la tensión del lector, a lo que ayuda también el protagonismo de unos animales humanizados que contribuyen a poner cierta distancia.","Luis Rosales, Antonio Mingote, Moratalaz, Miguel Hernández, José Hierro (Usera), Luis Martín-Santos, María Moliner"
7/29/2020 16:26:27,Pre-reader,22,"Dientes, colas y tentáculos","Wormell, Christopher","Wormell, Christopher",Juventud,Barcelona,2006,No,Picture Book,"Números, Animales",9788426135551,"El libro está concebido como instrumento de apoyo para el niño que está aprendiendo a contar.  Consta de 21 ilustraciones impactantes, una para cada número del 1 al 20 más otra añadida para el número 1 que cierra la serie.  Cada número ocupa una página par con la indicación del elemento al que hace referencia (un cuerno, dos jorobas, tres colores...), y ese elemento es el que aparece dibujado en la página impar correspondiente.  La originalidad de la propuesta recae en las impactantes imágenes.  El autor ha seleccionado aquellas partes de la anatomía animal más llamativas y les ha dado un atractivo y potente tratamiento plástico: pocos y saturados colores, gruesos bordeados, sencillez del trazo.  La obra incluye un apéndice final con una descripción de cada animal para satisfacer la curiosidad infantil ante tan sorprendentes, y reales, criaturas.  Es reseñable también la calidad de la edición: un formato grande, de página cuadrada, y unos excelentes materiales.  En conclusión: una obra para aprender números, disfrutar de los dibujos y descubrir aspectos inéditos de la naturaleza.","Luis Rosales, José Luis Sampedro, Antonio Mingote, Moratalaz, Paco Rabal, Elena Fortún, José Hierro (Usera), Luis Martín-Santos, María Moliner"
7/29/2020 16:37:54,Pre-reader,22,"1, 2, 3 gatitos","Zeveren, Michel Van","Zeveren, Michel Van",Ekaré,Venezuela,2006,Yes,Picture Book,"Números, Gatos",9789802573226,"Un libro que invita al juego a partir del funcionamiento de un álbum: el texto y la ilustración se complementan.  Este libro para disfrutarlo hay que verlo porque la clave del juego está en la imagen y en la repetición del mismo esquema, que permite la anticipación del lector.  Tres gatitos, atendidos por una mamá incansable se preparan para ir a dormir, pero aunque la mamá se epeña en que todos hagan y tengan las mismas cosas siempre se le olvida algo.  Los gatitos reclamarán lo que falta, pero a partir de la segunda vez que esto ocurra será el lector el que se anticipe y busque en la página qué le falta a los gatitos.  Una ilustración muy suelta y esquemática lo hacen ideal para desafiar a encontrar lo que falta a niños a partir de tres años.","Pío Baroja, Ana María Matute, Luis Rosales, Benito Pérez Galdós, Iván de Vargas, Mario Vargas Llosa, Pedro Salinas, Francisco Ibáñez, Dámaso Alonso, José Luis Sampedro, Ciudad Lineal, La Elipa, Pablo Neruda, Rafael Alberti, Huerta de la Salud, Antonio Mingote, Ángel González, Moratalaz, Miguel Hernández, Portazgo, Pozo del Tio Raimundo, Elena Fortún, Buenavista, Canillejas, San Blas, Manuel Vázquez Montalbán, María Zambrano, Gabriel García Márquez, José Hierro (Usera), Francisco Ayala, Vicálvaro, Gerardo Diego, Luis Martín-Santos, María Moliner"
7/29/2020 16:55:52,Pre-reader,22,31 usos para mamá,"Ziefert, Harriet","Doughty, Rebecca",Everest,León,2006,Yes,Picture Book,"Madres, Vida cotidiana",9788444142425,"¿Cuántas cosas puede ser una mamá para su hijo?  Este pequeño álbum, que pretende reproducir el punto de vista infantil por medio de la ilustración, ofrece treinta y un ejemplos de responsabilidad maternal.  La parejas de hijos y mamás, por sus rasgos y colores, quieren representar un ambiente multicultural donde él único punto de referencia es la amiga, la doctora, la peluquera, en fin, mamá.  Una manera un tanto simple y poco educativa para describir el rol de una madre que sirve de todo (de reloj a abrebotellas, de contestador automático a banco) mientras acompaña a su hijo en lo cotidiano, usando la imagen demasiado utilizada de la mamá amiga.","Luis Rosales, Pedro Salinas, Rafael Alberti, Antonio Mingote, Miguel Hernández, Elena Fortún, José Hierro (Usera), Luis Martín-Santos, María Moliner"